"","sens","gamma","z0","zi","L","zcut","deposition"
"1",1,0,0.55118,0.44882,0.26772,0.25984,0.000298456566590785
"2",1,0.007874,0.25984,0.22047,0.3622,0.83465,0.000284672193193053
"3",1,0.015748,0.75591,0.26772,0.33071,0.7874,0.000293661097304991
"4",1,0.023622,0.85039,0.8189,0.6063,0.72441,0.000287718773359144
"5",1,0.031496,0.31496,0.71654,0.2126,0.62992,0.000289044793570483
"6",1,0.03937,0.68504,0.67717,0.047244,0.37795,0.000314063112844818
"7",1,0.047244,0.66929,0.11811,0.43307,0.65354,0.000288168449028453
"8",1,0.055118,0.11811,0.83465,0.77953,0.73228,0.000261073849774839
"9",1,0.062992,0.94488,0.72441,0.10236,0.40157,0.000304694800381874
"10",1,0.070866,0.29134,0.13386,0.48819,0.55906,0.000270585829951048
"11",1,0.07874,0.26772,0.07874,0.5748,0.070866,0.000269253450759536
"12",1,0.086614,0.86614,0.062992,0.69291,0.44094,0.000272351822088055
"13",1,0.094488,0.65354,0.94488,0.66929,0.85039,0.000261157731950663
"14",1,0.10236,0.44094,0.99213,0.1811,0.29921,0.000276306711700241
"15",1,0.11024,0.98425,0.50394,0.6378,0.03937,0.000260397400678746
"16",1,0.11811,0.80315,0.46457,0.37008,0.13386,0.000264791678550195
"17",1,0.12598,0.29921,0.89764,0.50394,0.8189,0.000240668068551773
"18",1,0.13386,0.47244,0.40945,0.81102,0.68504,0.000240213988915407
"19",1,0.14173,0.64567,0.10236,0.29921,0.49606,0.000252786496286222
"20",1,0.14961,0.84252,0.48031,0.88976,0.87402,0.000243664839123075
"21",1,0.15748,0.51181,0.44094,0.11024,0.66929,0.00026894035037377
"22",1,0.16535,0.6378,0.64567,0.54331,0.20472,0.000234220114535419
"23",1,0.17323,0.11024,0.51181,0.55906,0.9685,0.000209405361824151
"24",1,0.1811,0.20472,0.35433,1,0.58268,0.000198924946352231
"25",1,0.18898,0.70079,0.79528,0.96063,0.5748,0.000212917377051545
"26",1,0.19685,0.13386,0.66929,0.9685,0.031496,0.000190990814356103
"27",1,0.20472,0.77165,0.85827,0.07874,0.69291,0.000274934652213471
"28",1,0.2126,0.4252,0.51969,0.72441,0.07874,0.000196197605736864
"29",1,0.22047,0.19685,0.23622,0.25197,0.23622,0.000200182017186594
"30",1,0.22835,0.094488,0.12598,0.49606,0.28346,0.000170159314497183
"31",1,0.23622,0.71654,0.98425,0.44094,0.14173,0.000206467481604812
"32",1,0.24409,0.46457,0.49606,0.97638,0.27559,0.000179533133006243
"33",1,0.25197,0.90551,0.82677,0.16535,0.74803,0.000236613964389732
"34",1,0.25984,0.24409,0.85039,0.086614,0.44882,0.000225183637488957
"35",1,0.26772,0.047244,0.5748,0.17323,0.6378,0.000157828038123393
"36",1,0.27559,0.007874,0.7874,0.53543,0.094488,0.000133198890980979
"37",1,0.28346,0.015748,0.58268,0.82677,0.93701,0.000132368311705183
"38",1,0.29134,0.89764,0.29134,0.7874,0.88189,0.000177897836684742
"39",1,0.29921,0.023622,0.52756,0.023622,0.89764,0.000179141771970175
"40",1,0.30709,0.88189,0.75591,0.76378,0.16535,0.000170215700752098
"41",1,0.31496,0.45669,0.047244,0.52756,0.11024,0.000161229161010887
"42",1,0.32283,0.40945,0.53543,0.74803,0.38583,0.000149392114670715
"43",1,0.33071,0.070866,0.28346,0.18898,0.71654,0.000135898246229387
"44",1,0.33858,0.33858,0.59843,0.20472,0.023622,0.000171816945713885
"45",1,0.34646,0.2126,0.59055,0.23622,0.77953,0.000152211145593589
"46",1,0.35433,0.55906,0.40157,0.94488,0.96063,0.000141328884575624
"47",1,0.3622,0.52756,0.1811,0.64567,0.22047,0.000142395175838317
"48",1,0.37008,0.62992,0.92913,0.8189,0.74016,0.00014097273042728
"49",1,0.37795,0.41732,0.070866,0,0.30709,0.000288649454756439
"50",1,0.38583,0.99213,0,0.37795,0.26772,0.000164356387134742
"51",1,0.3937,0.18898,0.84252,0.19685,0.24409,0.000136897807635829
"52",1,0.40157,0.92913,0.68504,0.66142,0.46457,0.000140348751104428
"53",1,0.40945,0.69291,0.32283,0.59055,0.1811,0.000134543344198888
"54",1,0.41732,0.62205,0.56693,0.094488,0.59843,0.000207385660584142
"55",1,0.4252,0.81102,0.15748,0.4252,0.95276,0.000142845833259199
"56",1,0.43307,0.37795,0.37795,0.88189,0.11811,0.00010645914789546
"57",1,0.44094,0.87402,1,0.40157,0.25197,0.000142919805451123
"58",1,0.44882,0.7874,0.17323,0.92126,0.3937,0.000114051398769328
"59",1,0.45669,0.32283,0.38583,0.46457,0.79528,0.000105783960829122
"60",1,0.46457,0.33071,0.086614,0.015748,0.33071,0.000270986020384932
"61",1,0.47244,0.14173,0.094488,0.55118,0.85827,8.28550097360509e-05
"62",1,0.48031,0.23622,0.4252,0.95276,0.91339,8.40686892400674e-05
"63",1,0.48819,0.92126,0.70079,0.22047,0.86614,0.000156082996932688
"64",1,0.49606,0.58268,0.27559,0.80315,0.61417,9.8892654711181e-05
"65",1,0.50394,0.82677,0.41732,0.31496,0.007874,0.000134806955143735
"66",1,0.51181,0.48819,0.31496,0.75591,0.80315,9.31068871398205e-05
"67",1,0.51969,0.93701,0.20472,0.11811,0.53543,0.000180881465082774
"68",1,0.52756,0.3622,0.90551,0.67717,0.88976,8.42030115166854e-05
"69",1,0.53543,0.14961,0.18898,0.59843,0.51181,6.66082402251696e-05
"70",1,0.54331,0.67717,0.14961,0.79528,0.70079,9.24657246488399e-05
"71",1,0.55118,0.3937,0.03937,0.83465,0.45669,7.58197443922159e-05
"72",1,0.55906,0.031496,0.25984,0.70079,0.77165,4.00422098872321e-05
"73",1,0.56693,0.062992,0.55118,0.055118,0.18898,0.000106199523900618
"74",1,0.5748,0.40157,0.015748,0.15748,0.34646,0.00012945175972825
"75",1,0.58268,0.6063,0.88976,0.22835,0.35433,0.000124730864046786
"76",1,0.59055,0.37008,0.93701,0.86614,0,6.75370897519419e-05
"77",1,0.59843,0.22047,0.65354,0.91339,0.75591,5.25930114081726e-05
"78",1,0.6063,0.055118,0.007874,0.85039,0.086614,3.44567492949527e-05
"79",1,0.61417,0.76378,0.77165,0.56693,0.84252,9.27658973839535e-05
"80",1,0.62205,0.49606,0.74803,0.27559,0.82677,0.000103032301029577
"81",1,0.62992,0.95276,0.3937,0.71654,0.76378,8.85850800395995e-05
"82",1,0.6378,0.38583,0.33858,0.48031,0.98425,7.44105453705458e-05
"83",1,0.64567,0.03937,0.34646,0.92913,0.31496,2.7001876799683e-05
"84",1,0.65354,0.48031,0.24409,0.031496,0.56693,0.000219405652587074
"85",1,0.66142,0.73228,0.33071,0.13386,0.92913,0.000146818996963035
"86",1,0.66929,0.15748,0.92126,0.41732,0.015748,5.16994782617054e-05
"87",1,0.67717,0.61417,0.19685,0.89764,0.54331,6.82570329494356e-05
"88",1,0.68504,0.74803,0.6378,0.33858,0.2126,9.99589490326631e-05
"89",1,0.69291,0.59055,0.96063,0.58268,0.99213,7.72831259728002e-05
"90",1,0.70079,0.22835,0.66142,0.70866,0.50394,4.7501220627345e-05
"91",1,0.70866,1,0.54331,0.62992,0.40945,8.52647865556495e-05
"92",1,0.71654,0.8189,0.70866,0.68504,0.51969,7.83289237961012e-05
"93",1,0.72441,0.56693,0.2126,0.93701,0.062992,6.08687572405925e-05
"94",1,0.73228,0.17323,0.73228,0.14961,0.3622,7.97206822726878e-05
"95",1,0.74016,0.12598,0.97638,0.62205,0.55118,3.59939076106592e-05
"96",1,0.74803,0.34646,0.95276,0.03937,0.62205,0.000183900957236964
"97",1,0.75591,0.97638,0.76378,0.007874,0.59055,0.000267877268307853
"98",1,0.76378,0.91339,0.48819,0.12598,0.94488,0.000145693253535536
"99",1,0.77165,0.5748,0.30709,0.070866,0.22835,0.000163936457700374
"100",1,0.77953,0.10236,0.77953,0.61417,0.47244,3.13066153293193e-05
"101",1,0.7874,0.66142,0.74016,0.74016,0.19685,6.54357987276975e-05
"102",1,0.79528,0.51969,0.62205,0.90551,0.15748,5.58103151744051e-05
"103",1,0.80315,0.35433,0.88189,0.32283,0.90551,7.05839886526995e-05
"104",1,0.81102,0.28346,0.80315,0.44882,0.52756,5.54737127371702e-05
"105",1,0.8189,0.53543,0.11024,0.51181,0.32283,6.84681003480034e-05
"106",1,0.82677,0.16535,0.16535,0.47244,0.12598,4.01456099934642e-05
"107",1,0.83465,0.50394,0.43307,0.73228,0.10236,5.69916241128536e-05
"108",1,0.84252,0.07874,0.25197,0.38583,0.67717,2.92473264948685e-05
"109",1,0.85039,0.72441,0.14173,0.30709,0.48031,9.05562648927709e-05
"110",1,0.85827,0.70866,0.055118,0.24409,0.70866,9.76772546905452e-05
"111",1,0.86614,0.086614,0.45669,0.85827,0.92126,2.20089775033884e-05
"112",1,0.87402,0.54331,0.22835,0.84252,0.97638,5.49240453373369e-05
"113",1,0.88189,0.74016,0.86614,0.28346,0.64567,9.26086520456342e-05
"114",1,0.88976,0.79528,0.81102,0.062992,0.81102,0.000168589842623898
"115",1,0.89764,0.25197,0.3622,0.25984,0.66142,6.25519239592679e-05
"116",1,0.90551,0,0.9685,0.98425,0.41732,9.03767513023167e-06
"117",1,0.91339,0.59843,0.55906,0.40945,1,7.24170372643368e-05
"118",1,0.92126,0.9685,0.69291,0.65354,0.17323,7.0129488929484e-05
"119",1,0.92913,0.85827,0.37008,0.45669,0.14961,7.7505124822e-05
"120",1,0.93701,0.88976,0.61417,0.35433,0.37008,8.53889641887904e-05
"121",1,0.94488,0.30709,0.91339,0.87402,0.29134,3.96943463194819e-05
"122",1,0.95276,0.96063,0.6063,0.99213,0.6063,5.99348863573032e-05
"123",1,0.96063,0.1811,0.47244,0.14173,0.43307,6.991846050365e-05
"124",1,0.9685,0.43307,0.62992,0.29134,0.4252,7.14567865859564e-05
"125",1,0.97638,0.27559,0.023622,0.34646,0.48819,5.39475369672738e-05
"126",1,0.98425,0.77953,0.87402,0.3937,0.055118,7.740800376566e-05
"127",1,0.99213,0.83465,0.031496,0.77165,0.33858,6.10467337351321e-05
"128",1,1,0.44882,0.29921,0.51969,0.047244,5.56629663808302e-05
"129",2,0,0.55118,0.44882,0.26772,0.25984,0.000298456566590785
"130",2,0.007874,0.25984,0.22047,0.3622,0.83465,0.000284672193193053
"131",2,0.015748,0.75591,0.26772,0.33071,0.7874,0.000293661097304991
"132",2,0.023622,0.85039,0.8189,0.6063,0.72441,0.000287718773359144
"133",2,0.031496,0.31496,0.71654,0.2126,0.62992,0.000289044793570483
"134",2,0.03937,0.68504,0.67717,0.047244,0.37795,0.000314063112844818
"135",2,0.047244,0.66929,0.11811,0.43307,0.65354,0.000288168449028453
"136",2,0.055118,0.11811,0.83465,0.77953,0.73228,0.000261073849774839
"137",2,0.062992,0.94488,0.72441,0.10236,0.40157,0.000304694800381874
"138",2,0.070866,0.29134,0.13386,0.48819,0.55906,0.000270585829951048
"139",2,0.07874,0.26772,0.07874,0.5748,0.070866,0.000269253450759536
"140",2,0.086614,0.86614,0.062992,0.69291,0.44094,0.000272351822088055
"141",2,0.094488,0.65354,0.94488,0.66929,0.85039,0.000261157731950663
"142",2,0.10236,0.44094,0.99213,0.1811,0.29921,0.000276306711700241
"143",2,0.11024,0.98425,0.50394,0.6378,0.03937,0.000260397400678746
"144",2,0.11811,0.80315,0.46457,0.37008,0.13386,0.000264791678550195
"145",2,0.12598,0.29921,0.89764,0.50394,0.8189,0.000240668068551773
"146",2,0.13386,0.47244,0.40945,0.81102,0.68504,0.000240213988915407
"147",2,0.14173,0.64567,0.10236,0.29921,0.49606,0.000252786496286222
"148",2,0.14961,0.84252,0.48031,0.88976,0.87402,0.000243664839123075
"149",2,0.15748,0.51181,0.44094,0.11024,0.66929,0.00026894035037377
"150",2,0.16535,0.6378,0.64567,0.54331,0.20472,0.000234220114535419
"151",2,0.17323,0.11024,0.51181,0.55906,0.9685,0.000209405361824151
"152",2,0.1811,0.20472,0.35433,1,0.58268,0.000198924946352231
"153",2,0.18898,0.70079,0.79528,0.96063,0.5748,0.000212917377051545
"154",2,0.19685,0.13386,0.66929,0.9685,0.031496,0.000190990814356103
"155",2,0.20472,0.77165,0.85827,0.07874,0.69291,0.000274934652213471
"156",2,0.2126,0.4252,0.51969,0.72441,0.07874,0.000196197605736864
"157",2,0.22047,0.19685,0.23622,0.25197,0.23622,0.000200182017186594
"158",2,0.22835,0.094488,0.12598,0.49606,0.28346,0.000170159314497183
"159",2,0.23622,0.71654,0.98425,0.44094,0.14173,0.000206467481604812
"160",2,0.24409,0.46457,0.49606,0.97638,0.27559,0.000179533133006243
"161",2,0.25197,0.90551,0.82677,0.16535,0.74803,0.000236613964389732
"162",2,0.25984,0.24409,0.85039,0.086614,0.44882,0.000225183637488957
"163",2,0.26772,0.047244,0.5748,0.17323,0.6378,0.000157828038123393
"164",2,0.27559,0.007874,0.7874,0.53543,0.094488,0.000133198890980979
"165",2,0.28346,0.015748,0.58268,0.82677,0.93701,0.000132368311705183
"166",2,0.29134,0.89764,0.29134,0.7874,0.88189,0.000177897836684742
"167",2,0.29921,0.023622,0.52756,0.023622,0.89764,0.000179141771970175
"168",2,0.30709,0.88189,0.75591,0.76378,0.16535,0.000170215700752098
"169",2,0.31496,0.45669,0.047244,0.52756,0.11024,0.000161229161010887
"170",2,0.32283,0.40945,0.53543,0.74803,0.38583,0.000149392114670715
"171",2,0.33071,0.070866,0.28346,0.18898,0.71654,0.000135898246229387
"172",2,0.33858,0.33858,0.59843,0.20472,0.023622,0.000171816945713885
"173",2,0.34646,0.2126,0.59055,0.23622,0.77953,0.000152211145593589
"174",2,0.35433,0.55906,0.40157,0.94488,0.96063,0.000141328884575624
"175",2,0.3622,0.52756,0.1811,0.64567,0.22047,0.000142395175838317
"176",2,0.37008,0.62992,0.92913,0.8189,0.74016,0.00014097273042728
"177",2,0.37795,0.41732,0.070866,0,0.30709,0.000288649454756439
"178",2,0.38583,0.99213,0,0.37795,0.26772,0.000164356387134742
"179",2,0.3937,0.18898,0.84252,0.19685,0.24409,0.000136897807635829
"180",2,0.40157,0.92913,0.68504,0.66142,0.46457,0.000140348751104428
"181",2,0.40945,0.69291,0.32283,0.59055,0.1811,0.000134543344198888
"182",2,0.41732,0.62205,0.56693,0.094488,0.59843,0.000207385660584142
"183",2,0.4252,0.81102,0.15748,0.4252,0.95276,0.000142845833259199
"184",2,0.43307,0.37795,0.37795,0.88189,0.11811,0.00010645914789546
"185",2,0.44094,0.87402,1,0.40157,0.25197,0.000142919805451123
"186",2,0.44882,0.7874,0.17323,0.92126,0.3937,0.000114051398769328
"187",2,0.45669,0.32283,0.38583,0.46457,0.79528,0.000105783960829122
"188",2,0.46457,0.33071,0.086614,0.015748,0.33071,0.000270986020384932
"189",2,0.47244,0.14173,0.094488,0.55118,0.85827,8.28550097360509e-05
"190",2,0.48031,0.23622,0.4252,0.95276,0.91339,8.40686892400674e-05
"191",2,0.48819,0.92126,0.70079,0.22047,0.86614,0.000156082996932688
"192",2,0.49606,0.58268,0.27559,0.80315,0.61417,9.8892654711181e-05
"193",2,0.50394,0.82677,0.41732,0.31496,0.007874,0.000134806955143735
"194",2,0.51181,0.48819,0.31496,0.75591,0.80315,9.31068871398205e-05
"195",2,0.51969,0.93701,0.20472,0.11811,0.53543,0.000180881465082774
"196",2,0.52756,0.3622,0.90551,0.67717,0.88976,8.42030115166854e-05
"197",2,0.53543,0.14961,0.18898,0.59843,0.51181,6.66082402251696e-05
"198",2,0.54331,0.67717,0.14961,0.79528,0.70079,9.24657246488399e-05
"199",2,0.55118,0.3937,0.03937,0.83465,0.45669,7.58197443922159e-05
"200",2,0.55906,0.031496,0.25984,0.70079,0.77165,4.00422098872321e-05
"201",2,0.56693,0.062992,0.55118,0.055118,0.18898,0.000106199523900618
"202",2,0.5748,0.40157,0.015748,0.15748,0.34646,0.00012945175972825
"203",2,0.58268,0.6063,0.88976,0.22835,0.35433,0.000124730864046786
"204",2,0.59055,0.37008,0.93701,0.86614,0,6.75370897519419e-05
"205",2,0.59843,0.22047,0.65354,0.91339,0.75591,5.25930114081726e-05
"206",2,0.6063,0.055118,0.007874,0.85039,0.086614,3.44567492949527e-05
"207",2,0.61417,0.76378,0.77165,0.56693,0.84252,9.27658973839535e-05
"208",2,0.62205,0.49606,0.74803,0.27559,0.82677,0.000103032301029577
"209",2,0.62992,0.95276,0.3937,0.71654,0.76378,8.85850800395995e-05
"210",2,0.6378,0.38583,0.33858,0.48031,0.98425,7.44105453705458e-05
"211",2,0.64567,0.03937,0.34646,0.92913,0.31496,2.7001876799683e-05
"212",2,0.65354,0.48031,0.24409,0.031496,0.56693,0.000219405652587074
"213",2,0.66142,0.73228,0.33071,0.13386,0.92913,0.000146818996963035
"214",2,0.66929,0.15748,0.92126,0.41732,0.015748,5.16994782617054e-05
"215",2,0.67717,0.61417,0.19685,0.89764,0.54331,6.82570329494356e-05
"216",2,0.68504,0.74803,0.6378,0.33858,0.2126,9.99589490326631e-05
"217",2,0.69291,0.59055,0.96063,0.58268,0.99213,7.72831259728002e-05
"218",2,0.70079,0.22835,0.66142,0.70866,0.50394,4.7501220627345e-05
"219",2,0.70866,1,0.54331,0.62992,0.40945,8.52647865556495e-05
"220",2,0.71654,0.8189,0.70866,0.68504,0.51969,7.83289237961012e-05
"221",2,0.72441,0.56693,0.2126,0.93701,0.062992,6.08687572405925e-05
"222",2,0.73228,0.17323,0.73228,0.14961,0.3622,7.97206822726878e-05
"223",2,0.74016,0.12598,0.97638,0.62205,0.55118,3.59939076106592e-05
"224",2,0.74803,0.34646,0.95276,0.03937,0.62205,0.000183900957236964
"225",2,0.75591,0.97638,0.76378,0.007874,0.59055,0.000267877268307853
"226",2,0.76378,0.91339,0.48819,0.12598,0.94488,0.000145693253535536
"227",2,0.77165,0.5748,0.30709,0.070866,0.22835,0.000163936457700374
"228",2,0.77953,0.10236,0.77953,0.61417,0.47244,3.13066153293193e-05
"229",2,0.7874,0.66142,0.74016,0.74016,0.19685,6.54357987276975e-05
"230",2,0.79528,0.51969,0.62205,0.90551,0.15748,5.58103151744051e-05
"231",2,0.80315,0.35433,0.88189,0.32283,0.90551,7.05839886526995e-05
"232",2,0.81102,0.28346,0.80315,0.44882,0.52756,5.54737127371702e-05
"233",2,0.8189,0.53543,0.11024,0.51181,0.32283,6.84681003480034e-05
"234",2,0.82677,0.16535,0.16535,0.47244,0.12598,4.01456099934642e-05
"235",2,0.83465,0.50394,0.43307,0.73228,0.10236,5.69916241128536e-05
"236",2,0.84252,0.07874,0.25197,0.38583,0.67717,2.92473264948685e-05
"237",2,0.85039,0.72441,0.14173,0.30709,0.48031,9.05562648927709e-05
"238",2,0.85827,0.70866,0.055118,0.24409,0.70866,9.76772546905452e-05
"239",2,0.86614,0.086614,0.45669,0.85827,0.92126,2.20089775033884e-05
"240",2,0.87402,0.54331,0.22835,0.84252,0.97638,5.49240453373369e-05
"241",2,0.88189,0.74016,0.86614,0.28346,0.64567,9.26086520456342e-05
"242",2,0.88976,0.79528,0.81102,0.062992,0.81102,0.000168589842623898
"243",2,0.89764,0.25197,0.3622,0.25984,0.66142,6.25519239592679e-05
"244",2,0.90551,0,0.9685,0.98425,0.41732,9.03767513023167e-06
"245",2,0.91339,0.59843,0.55906,0.40945,1,7.24170372643368e-05
"246",2,0.92126,0.9685,0.69291,0.65354,0.17323,7.0129488929484e-05
"247",2,0.92913,0.85827,0.37008,0.45669,0.14961,7.7505124822e-05
"248",2,0.93701,0.88976,0.61417,0.35433,0.37008,8.53889641887904e-05
"249",2,0.94488,0.30709,0.91339,0.87402,0.29134,3.96943463194819e-05
"250",2,0.95276,0.96063,0.6063,0.99213,0.6063,5.99348863573032e-05
"251",2,0.96063,0.1811,0.47244,0.14173,0.43307,6.991846050365e-05
"252",2,0.9685,0.43307,0.62992,0.29134,0.4252,7.14567865859564e-05
"253",2,0.97638,0.27559,0.023622,0.34646,0.48819,5.39475369672738e-05
"254",2,0.98425,0.77953,0.87402,0.3937,0.055118,7.740800376566e-05
"255",2,0.99213,0.83465,0.031496,0.77165,0.33858,6.10467337351321e-05
"256",2,1,0.44882,0.29921,0.51969,0.047244,5.56629663808302e-05
"257",3,0,0.55118,0.44882,0.26772,0.25984,0.000311584708531587
"258",3,0.007874,0.25984,0.22047,0.3622,0.83465,0.000294144166615705
"259",3,0.015748,0.75591,0.26772,0.33071,0.7874,0.000306967550503116
"260",3,0.023622,0.85039,0.8189,0.6063,0.72441,0.00030048634258876
"261",3,0.031496,0.31496,0.71654,0.2126,0.62992,0.000302169553579998
"262",3,0.03937,0.68504,0.67717,0.047244,0.37795,0.000334286964763399
"263",3,0.047244,0.66929,0.11811,0.43307,0.65354,0.000300988821966812
"264",3,0.055118,0.11811,0.83465,0.77953,0.73228,0.000266732130300049
"265",3,0.062992,0.94488,0.72441,0.10236,0.40157,0.000325424964221133
"266",3,0.070866,0.29134,0.13386,0.48819,0.55906,0.000280789625298195
"267",3,0.07874,0.26772,0.07874,0.5748,0.070866,0.000278812533602604
"268",3,0.086614,0.86614,0.062992,0.69291,0.44094,0.000285575773337603
"269",3,0.094488,0.65354,0.94488,0.66929,0.85039,0.000274307866627625
"270",3,0.10236,0.44094,0.99213,0.1811,0.29921,0.000293750348075376
"271",3,0.11024,0.98425,0.50394,0.6378,0.03937,0.000275502687888942
"272",3,0.11811,0.80315,0.46457,0.37008,0.13386,0.000281450647342237
"273",3,0.12598,0.29921,0.89764,0.50394,0.8189,0.000252206203710436
"274",3,0.13386,0.47244,0.40945,0.81102,0.68504,0.000252005078453953
"275",3,0.14173,0.64567,0.10236,0.29921,0.49606,0.000269318737541788
"276",3,0.14961,0.84252,0.48031,0.88976,0.87402,0.000257857103204294
"277",3,0.15748,0.51181,0.44094,0.11024,0.66929,0.0002897526459991
"278",3,0.16535,0.6378,0.64567,0.54331,0.20472,0.000249010584386092
"279",3,0.17323,0.11024,0.51181,0.55906,0.9685,0.000216516744045212
"280",3,0.1811,0.20472,0.35433,1,0.58268,0.000207189489623142
"281",3,0.18898,0.70079,0.79528,0.96063,0.5748,0.000226833962992103
"282",3,0.19685,0.13386,0.66929,0.9685,0.031496,0.000197677067232021
"283",3,0.20472,0.77165,0.85827,0.07874,0.69291,0.000300681828903085
"284",3,0.2126,0.4252,0.51969,0.72441,0.07874,0.000209180157462157
"285",3,0.22047,0.19685,0.23622,0.25197,0.23622,0.000213311000920555
"286",3,0.22835,0.094488,0.12598,0.49606,0.28346,0.000177131597761246
"287",3,0.23622,0.71654,0.98425,0.44094,0.14173,0.000224646762856535
"288",3,0.24409,0.46457,0.49606,0.97638,0.27559,0.000192017782615839
"289",3,0.25197,0.90551,0.82677,0.16535,0.74803,0.000260084560983217
"290",3,0.25984,0.24409,0.85039,0.086614,0.44882,0.000246892953926184
"291",3,0.26772,0.047244,0.5748,0.17323,0.6378,0.000165954333643247
"292",3,0.27559,0.007874,0.7874,0.53543,0.094488,0.000133828136337904
"293",3,0.28346,0.015748,0.58268,0.82677,0.93701,0.00013359420650007
"294",3,0.29134,0.89764,0.29134,0.7874,0.88189,0.000194544639492828
"295",3,0.29921,0.023622,0.52756,0.023622,0.89764,0.000196481157641963
"296",3,0.30709,0.88189,0.75591,0.76378,0.16535,0.000187827616703762
"297",3,0.31496,0.45669,0.047244,0.52756,0.11024,0.000176491183097973
"298",3,0.32283,0.40945,0.53543,0.74803,0.38583,0.000163173143792909
"299",3,0.33071,0.070866,0.28346,0.18898,0.71654,0.000146111084018318
"300",3,0.33858,0.33858,0.59843,0.20472,0.023622,0.000191179419888744
"301",3,0.34646,0.2126,0.59055,0.23622,0.77953,0.000167922413419051
"302",3,0.35433,0.55906,0.40157,0.94488,0.96063,0.000156438490883412
"303",3,0.3622,0.52756,0.1811,0.64567,0.22047,0.000158325886535043
"304",3,0.37008,0.62992,0.92913,0.8189,0.74016,0.000157488328584378
"305",3,0.37795,0.41732,0.070866,0,0.30709,0.000305208206441381
"306",3,0.38583,0.99213,0,0.37795,0.26772,0.000185328948215587
"307",3,0.3937,0.18898,0.84252,0.19685,0.24409,0.000153973333762768
"308",3,0.40157,0.92913,0.68504,0.66142,0.46457,0.000159678941468543
"309",3,0.40945,0.69291,0.32283,0.59055,0.1811,0.000152859763507155
"310",3,0.41732,0.62205,0.56693,0.094488,0.59843,0.000235977035001032
"311",3,0.4252,0.81102,0.15748,0.4252,0.95276,0.000163250478417176
"312",3,0.43307,0.37795,0.37795,0.88189,0.11811,0.000120382945823012
"313",3,0.44094,0.87402,1,0.40157,0.25197,0.000165101491402897
"314",3,0.44882,0.7874,0.17323,0.92126,0.3937,0.000132181754311582
"315",3,0.45669,0.32283,0.38583,0.46457,0.79528,0.000121705880082798
"316",3,0.46457,0.33071,0.086614,0.015748,0.33071,0.000303340021922876
"317",3,0.47244,0.14173,0.094488,0.55118,0.85827,9.32958449904362e-05
"318",3,0.48031,0.23622,0.4252,0.95276,0.91339,9.54686854867373e-05
"319",3,0.48819,0.92126,0.70079,0.22047,0.86614,0.000182959165320541
"320",3,0.49606,0.58268,0.27559,0.80315,0.61417,0.000116289400447971
"321",3,0.50394,0.82677,0.41732,0.31496,0.007874,0.000158610156229918
"322",3,0.51181,0.48819,0.31496,0.75591,0.80315,0.000109865700453747
"323",3,0.51969,0.93701,0.20472,0.11811,0.53543,0.000211192129748266
"324",3,0.52756,0.3622,0.90551,0.67717,0.88976,9.97460561678377e-05
"325",3,0.53543,0.14961,0.18898,0.59843,0.51181,7.72194130897257e-05
"326",3,0.54331,0.67717,0.14961,0.79528,0.70079,0.000111205739201771
"327",3,0.55118,0.3937,0.03937,0.83465,0.45669,9.10290508834324e-05
"328",3,0.55906,0.031496,0.25984,0.70079,0.77165,4.35455430352624e-05
"329",3,0.56693,0.062992,0.55118,0.055118,0.18898,0.000126677003071004
"330",3,0.5748,0.40157,0.015748,0.15748,0.34646,0.000154818294349498
"331",3,0.58268,0.6063,0.88976,0.22835,0.35433,0.000150435070002812
"332",3,0.59055,0.37008,0.93701,0.86614,0,8.27439429148883e-05
"333",3,0.59843,0.22047,0.65354,0.91339,0.75591,6.43908774172342e-05
"334",3,0.6063,0.055118,0.007874,0.85039,0.086614,3.96134585491088e-05
"335",3,0.61417,0.76378,0.77165,0.56693,0.84252,0.000114196167057769
"336",3,0.62205,0.49606,0.74803,0.27559,0.82677,0.000126700153487916
"337",3,0.62992,0.95276,0.3937,0.71654,0.76378,0.000110160219309471
"338",3,0.6378,0.38583,0.33858,0.48031,0.98425,9.27646375536082e-05
"339",3,0.64567,0.03937,0.34646,0.92913,0.31496,3.08473500255081e-05
"340",3,0.65354,0.48031,0.24409,0.031496,0.56693,0.000256997010134759
"341",3,0.66142,0.73228,0.33071,0.13386,0.92913,0.00017810844845765
"342",3,0.66929,0.15748,0.92126,0.41732,0.015748,6.50657561279257e-05
"343",3,0.67717,0.61417,0.19685,0.89764,0.54331,8.68713893693199e-05
"344",3,0.68504,0.74803,0.6378,0.33858,0.2126,0.00012548106395886
"345",3,0.69291,0.59055,0.96063,0.58268,0.99213,9.82884619648563e-05
"346",3,0.70079,0.22835,0.66142,0.70866,0.50394,6.11400614236136e-05
"347",3,0.70866,1,0.54331,0.62992,0.40945,0.000108589775050846
"348",3,0.71654,0.8189,0.70866,0.68504,0.51969,0.000100287449513322
"349",3,0.72441,0.56693,0.2126,0.93701,0.062992,7.9546757360336e-05
"350",3,0.73228,0.17323,0.73228,0.14961,0.3622,0.000101373833841077
"351",3,0.74016,0.12598,0.97638,0.62205,0.55118,4.66437508415578e-05
"352",3,0.74803,0.34646,0.95276,0.03937,0.62205,0.000221288468331923
"353",3,0.75591,0.97638,0.76378,0.007874,0.59055,0.000299321952951245
"354",3,0.76378,0.91339,0.48819,0.12598,0.94488,0.000179459705454746
"355",3,0.77165,0.5748,0.30709,0.070866,0.22835,0.000199974374205114
"356",3,0.77953,0.10236,0.77953,0.61417,0.47244,4.09296729345343e-05
"357",3,0.7874,0.66142,0.74016,0.74016,0.19685,8.66869622120259e-05
"358",3,0.79528,0.51969,0.62205,0.90551,0.15748,7.45527416521122e-05
"359",3,0.80315,0.35433,0.88189,0.32283,0.90551,9.23991943668694e-05
"360",3,0.81102,0.28346,0.80315,0.44882,0.52756,7.33264336804442e-05
"361",3,0.8189,0.53543,0.11024,0.51181,0.32283,9.00898193699622e-05
"362",3,0.82677,0.16535,0.16535,0.47244,0.12598,5.38348121386353e-05
"363",3,0.83465,0.50394,0.43307,0.73228,0.10236,7.63615880286558e-05
"364",3,0.84252,0.07874,0.25197,0.38583,0.67717,3.91772144135588e-05
"365",3,0.85039,0.72441,0.14173,0.30709,0.48031,0.000117671615500994
"366",3,0.85827,0.70866,0.055118,0.24409,0.70866,0.000126134615412336
"367",3,0.86614,0.086614,0.45669,0.85827,0.92126,2.97201290610591e-05
"368",3,0.87402,0.54331,0.22835,0.84252,0.97638,7.42770216067661e-05
"369",3,0.88189,0.74016,0.86614,0.28346,0.64567,0.000120988614993556
"370",3,0.88976,0.79528,0.81102,0.062992,0.81102,0.000207886578344681
"371",3,0.89764,0.25197,0.3622,0.25984,0.66142,8.37066570225537e-05
"372",3,0.90551,0,0.9685,0.98425,0.41732,8.71351839685276e-06
"373",3,0.91339,0.59843,0.55906,0.40945,1,9.68163147906171e-05
"374",3,0.92126,0.9685,0.69291,0.65354,0.17323,9.48354560069599e-05
"375",3,0.92913,0.85827,0.37008,0.45669,0.14961,0.000103365208303764
"376",3,0.93701,0.88976,0.61417,0.35433,0.37008,0.000113279953616464
"377",3,0.94488,0.30709,0.91339,0.87402,0.29134,5.53712993789567e-05
"378",3,0.95276,0.96063,0.6063,0.99213,0.6063,8.26288305506724e-05
"379",3,0.96063,0.1811,0.47244,0.14173,0.43307,9.35874653873427e-05
"380",3,0.9685,0.43307,0.62992,0.29134,0.4252,9.63495873125683e-05
"381",3,0.97638,0.27559,0.023622,0.34646,0.48819,7.37229229211234e-05
"382",3,0.98425,0.77953,0.87402,0.3937,0.055118,0.000104040092562854
"383",3,0.99213,0.83465,0.031496,0.77165,0.33858,8.41173929699486e-05
"384",3,1,0.44882,0.29921,0.51969,0.047244,7.68187437386962e-05
"385",4,0,0.55118,0.44882,0.26772,0.25984,0.000767371727868584
"386",4,0.007874,0.25984,0.22047,0.3622,0.83465,0.000668768878434408
"387",4,0.015748,0.75591,0.26772,0.33071,0.7874,0.000764558423052603
"388",4,0.023622,0.85039,0.8189,0.6063,0.72441,0.000718919208653811
"389",4,0.031496,0.31496,0.71654,0.2126,0.62992,0.000734565461546137
"390",4,0.03937,0.68504,0.67717,0.047244,0.37795,0.00089606281251618
"391",4,0.047244,0.66929,0.11811,0.43307,0.65354,0.000732012890391714
"392",4,0.055118,0.11811,0.83465,0.77953,0.73228,0.000514331327412892
"393",4,0.062992,0.94488,0.72441,0.10236,0.40157,0.000857105522565099
"394",4,0.070866,0.29134,0.13386,0.48819,0.55906,0.000639168355887508
"395",4,0.07874,0.26772,0.07874,0.5748,0.070866,0.000617887974065116
"396",4,0.086614,0.86614,0.062992,0.69291,0.44094,0.000698798125804475
"397",4,0.094488,0.65354,0.94488,0.66929,0.85039,0.000666974023384904
"398",4,0.10236,0.44094,0.99213,0.1811,0.29921,0.000756367578748562
"399",4,0.11024,0.98425,0.50394,0.6378,0.03937,0.000694143198347806
"400",4,0.11811,0.80315,0.46457,0.37008,0.13386,0.000724831078100587
"401",4,0.12598,0.29921,0.89764,0.50394,0.8189,0.00060312408573247
"402",4,0.13386,0.47244,0.40945,0.81102,0.68504,0.000611319254279194
"403",4,0.14173,0.64567,0.10236,0.29921,0.49606,0.000718412218453788
"404",4,0.14961,0.84252,0.48031,0.88976,0.87402,0.000648464800714725
"405",4,0.15748,0.51181,0.44094,0.11024,0.66929,0.000798643005939309
"406",4,0.16535,0.6378,0.64567,0.54331,0.20472,0.000650490838610003
"407",4,0.17323,0.11024,0.51181,0.55906,0.9685,0.00047171577855503
"408",4,0.1811,0.20472,0.35433,1,0.58268,0.000483393804258776
"409",4,0.18898,0.70079,0.79528,0.96063,0.5748,0.00059839067665618
"410",4,0.19685,0.13386,0.66929,0.9685,0.031496,0.00043916077054272
"411",4,0.20472,0.77165,0.85827,0.07874,0.69291,0.000830805119131798
"412",4,0.2126,0.4252,0.51969,0.72441,0.07874,0.000562743228827928
"413",4,0.22047,0.19685,0.23622,0.25197,0.23622,0.000580556952055064
"414",4,0.22835,0.094488,0.12598,0.49606,0.28346,0.00042479106320025
"415",4,0.23622,0.71654,0.98425,0.44094,0.14173,0.000639802007472933
"416",4,0.24409,0.46457,0.49606,0.97638,0.27559,0.00053363478438025
"417",4,0.25197,0.90551,0.82677,0.16535,0.74803,0.000750714018244312
"418",4,0.25984,0.24409,0.85039,0.086614,0.44882,0.000724385846358148
"419",4,0.26772,0.047244,0.5748,0.17323,0.6378,0.000428310462260497
"420",4,0.27559,0.007874,0.7874,0.53543,0.094488,0.000221336123927439
"421",4,0.28346,0.015748,0.58268,0.82677,0.93701,0.000237167117027682
"422",4,0.29134,0.89764,0.29134,0.7874,0.88189,0.000587529508994683
"423",4,0.29921,0.023622,0.52756,0.023622,0.89764,0.000603471111771554
"424",4,0.30709,0.88189,0.75591,0.76378,0.16535,0.000577660120305062
"425",4,0.31496,0.45669,0.047244,0.52756,0.11024,0.000551604840680495
"426",4,0.32283,0.40945,0.53543,0.74803,0.38583,0.000505539435352886
"427",4,0.33071,0.070866,0.28346,0.18898,0.71654,0.000436757768285866
"428",4,0.33858,0.33858,0.59843,0.20472,0.023622,0.000613219412694448
"429",4,0.34646,0.2126,0.59055,0.23622,0.77953,0.00053926236987886
"430",4,0.35433,0.55906,0.40157,0.94488,0.96063,0.000507913313283274
"431",4,0.3622,0.52756,0.1811,0.64567,0.22047,0.000527109597669818
"432",4,0.37008,0.62992,0.92913,0.8189,0.74016,0.000521386088016315
"433",4,0.37795,0.41732,0.070866,0,0.30709,0.000692392213938655
"434",4,0.38583,0.99213,0,0.37795,0.26772,0.000624674726967846
"435",4,0.3937,0.18898,0.84252,0.19685,0.24409,0.000528351339003852
"436",4,0.40157,0.92913,0.68504,0.66142,0.46457,0.000555503622041513
"437",4,0.40945,0.69291,0.32283,0.59055,0.1811,0.000541820726438307
"438",4,0.41732,0.62205,0.56693,0.094488,0.59843,0.000742846445339557
"439",4,0.4252,0.81102,0.15748,0.4252,0.95276,0.000581899487557873
"440",4,0.43307,0.37795,0.37795,0.88189,0.11811,0.000442460483946136
"441",4,0.44094,0.87402,1,0.40157,0.25197,0.000583800526838092
"442",4,0.44882,0.7874,0.17323,0.92126,0.3937,0.00050236442244306
"443",4,0.45669,0.32283,0.38583,0.46457,0.79528,0.00046963146561305
"444",4,0.46457,0.33071,0.086614,0.015748,0.33071,0.000842895902434903
"445",4,0.47244,0.14173,0.094488,0.55118,0.85827,0.000359212811770904
"446",4,0.48031,0.23622,0.4252,0.95276,0.91339,0.00037312290649871
"447",4,0.48819,0.92126,0.70079,0.22047,0.86614,0.00064180065926591
"448",4,0.49606,0.58268,0.27559,0.80315,0.61417,0.000472338195526198
"449",4,0.50394,0.82677,0.41732,0.31496,0.007874,0.000592254649698155
"450",4,0.51181,0.48819,0.31496,0.75591,0.80315,0.000456154851894644
"451",4,0.51969,0.93701,0.20472,0.11811,0.53543,0.000712840449675097
"452",4,0.52756,0.3622,0.90551,0.67717,0.88976,0.000426957348075196
"453",4,0.53543,0.14961,0.18898,0.59843,0.51181,0.00033933268310257
"454",4,0.54331,0.67717,0.14961,0.79528,0.70079,0.000475376428261263
"455",4,0.55118,0.3937,0.03937,0.83465,0.45669,0.000414695172625759
"456",4,0.55906,0.031496,0.25984,0.70079,0.77165,0.000180141677064379
"457",4,0.56693,0.062992,0.55118,0.055118,0.18898,0.000520612361797819
"458",4,0.5748,0.40157,0.015748,0.15748,0.34646,0.000601219479202567
"459",4,0.58268,0.6063,0.88976,0.22835,0.35433,0.000584709614412013
"460",4,0.59055,0.37008,0.93701,0.86614,0,0.000395201952220751
"461",4,0.59843,0.22047,0.65354,0.91339,0.75591,0.000332971162643062
"462",4,0.6063,0.055118,0.007874,0.85039,0.086614,0.000204271129164491
"463",4,0.61417,0.76378,0.77165,0.56693,0.84252,0.000498731124665789
"464",4,0.62205,0.49606,0.74803,0.27559,0.82677,0.000534790056384619
"465",4,0.62992,0.95276,0.3937,0.71654,0.76378,0.00049334837780548
"466",4,0.6378,0.38583,0.33858,0.48031,0.98425,0.000443990283468086
"467",4,0.64567,0.03937,0.34646,0.92913,0.31496,0.000169123365654439
"468",4,0.65354,0.48031,0.24409,0.031496,0.56693,0.000790600266319115
"469",4,0.66142,0.73228,0.33071,0.13386,0.92913,0.000657291145839921
"470",4,0.66929,0.15748,0.92126,0.41732,0.015748,0.000348453326342519
"471",4,0.67717,0.61417,0.19685,0.89764,0.54331,0.000433453551488529
"472",4,0.68504,0.74803,0.6378,0.33858,0.2126,0.000538877965399174
"473",4,0.69291,0.59055,0.96063,0.58268,0.99213,0.000462277325186051
"474",4,0.70079,0.22835,0.66142,0.70866,0.50394,0.000342543936559369
"475",4,0.70866,1,0.54331,0.62992,0.40945,0.000496552996275907
"476",4,0.71654,0.8189,0.70866,0.68504,0.51969,0.000473108130744003
"477",4,0.72441,0.56693,0.2126,0.93701,0.062992,0.000415740486604622
"478",4,0.73228,0.17323,0.73228,0.14961,0.3622,0.000476912601904014
"479",4,0.74016,0.12598,0.97638,0.62205,0.55118,0.000284178037839821
"480",4,0.74803,0.34646,0.95276,0.03937,0.62205,0.000734066101844008
"481",4,0.75591,0.97638,0.76378,0.007874,0.59055,0.000759568709254753
"482",4,0.76378,0.91339,0.48819,0.12598,0.94488,0.000662641609883921
"483",4,0.77165,0.5748,0.30709,0.070866,0.22835,0.000704368003717159
"484",4,0.77953,0.10236,0.77953,0.61417,0.47244,0.000261427350107947
"485",4,0.7874,0.66142,0.74016,0.74016,0.19685,0.000440744814176618
"486",4,0.79528,0.51969,0.62205,0.90551,0.15748,0.00040304643451736
"487",4,0.80315,0.35433,0.88189,0.32283,0.90551,0.000456369119140024
"488",4,0.81102,0.28346,0.80315,0.44882,0.52756,0.000396162841967701
"489",4,0.8189,0.53543,0.11024,0.51181,0.32283,0.00045363668401975
"490",4,0.82677,0.16535,0.16535,0.47244,0.12598,0.000328874664096076
"491",4,0.83465,0.50394,0.43307,0.73228,0.10236,0.000412749145590688
"492",4,0.84252,0.07874,0.25197,0.38583,0.67717,0.00026365470941415
"493",4,0.85039,0.72441,0.14173,0.30709,0.48031,0.000532513146291741
"494",4,0.85827,0.70866,0.055118,0.24409,0.70866,0.00055659091056529
"495",4,0.86614,0.086614,0.45669,0.85827,0.92126,0.0002190362393415
"496",4,0.87402,0.54331,0.22835,0.84252,0.97638,0.000407560017888391
"497",4,0.88189,0.74016,0.86614,0.28346,0.64567,0.000537203293188551
"498",4,0.88976,0.79528,0.81102,0.062992,0.81102,0.000712380757722297
"499",4,0.89764,0.25197,0.3622,0.25984,0.66142,0.000436864820141278
"500",4,0.90551,0,0.9685,0.98425,0.41732,3.37307635438351e-05
"501",4,0.91339,0.59843,0.55906,0.40945,1,0.000476113752949205
"502",4,0.92126,0.9685,0.69291,0.65354,0.17323,0.000470193048543009
"503",4,0.92913,0.85827,0.37008,0.45669,0.14961,0.00049462663860443
"504",4,0.93701,0.88976,0.61417,0.35433,0.37008,0.000520283794014209
"505",4,0.94488,0.30709,0.91339,0.87402,0.29134,0.000340333656801045
"506",4,0.95276,0.96063,0.6063,0.99213,0.6063,0.000436366472101294
"507",4,0.96063,0.1811,0.47244,0.14173,0.43307,0.000469370953915762
"508",4,0.9685,0.43307,0.62992,0.29134,0.4252,0.000476688277025746
"509",4,0.97638,0.27559,0.023622,0.34646,0.48819,0.000408529026898507
"510",4,0.98425,0.77953,0.87402,0.3937,0.055118,0.000495451631154085
"511",4,0.99213,0.83465,0.031496,0.77165,0.33858,0.000443932253558216
"512",4,1,0.44882,0.29921,0.51969,0.047244,0.000419051902307321
"513",5,0,0.55118,0.44882,0.26772,0.25984,0.000437939815299876
"514",5,0.007874,0.25984,0.22047,0.3622,0.83465,0.000383628562549311
"515",5,0.015748,0.75591,0.26772,0.33071,0.7874,0.000434980930681781
"516",5,0.023622,0.85039,0.8189,0.6063,0.72441,0.000411078449655409
"517",5,0.031496,0.31496,0.71654,0.2126,0.62992,0.000417406476864561
"518",5,0.03937,0.68504,0.67717,0.047244,0.37795,0.000543664055169017
"519",5,0.047244,0.66929,0.11811,0.43307,0.65354,0.000415146457712789
"520",5,0.055118,0.11811,0.83465,0.77953,0.73228,0.000313790210996456
"521",5,0.062992,0.94488,0.72441,0.10236,0.40157,0.000505181845184898
"522",5,0.070866,0.29134,0.13386,0.48819,0.55906,0.000363564184432434
"523",5,0.07874,0.26772,0.07874,0.5748,0.070866,0.00035465892926396
"524",5,0.086614,0.86614,0.062992,0.69291,0.44094,0.000391342457766206
"525",5,0.094488,0.65354,0.94488,0.66929,0.85039,0.000373238643718141
"526",5,0.10236,0.44094,0.99213,0.1811,0.29921,0.000425479141339011
"527",5,0.11024,0.98425,0.50394,0.6378,0.03937,0.000385164070066372
"528",5,0.11811,0.80315,0.46457,0.37008,0.13386,0.000402861897139136
"529",5,0.12598,0.29921,0.89764,0.50394,0.8189,0.000333605196842381
"530",5,0.13386,0.47244,0.40945,0.81102,0.68504,0.000336220609024567
"531",5,0.14173,0.64567,0.10236,0.29921,0.49606,0.00039288121353337
"532",5,0.14961,0.84252,0.48031,0.88976,0.87402,0.000354856246314389
"533",5,0.15748,0.51181,0.44094,0.11024,0.66929,0.000449134681523492
"534",5,0.16535,0.6378,0.64567,0.54331,0.20472,0.000351443791851228
"535",5,0.17323,0.11024,0.51181,0.55906,0.9685,0.000266034926311921
"536",5,0.1811,0.20472,0.35433,1,0.58268,0.000262362413421539
"537",5,0.18898,0.70079,0.79528,0.96063,0.5748,0.000316541057503211
"538",5,0.19685,0.13386,0.66929,0.9685,0.031496,0.000242631756430319
"539",5,0.20472,0.77165,0.85827,0.07874,0.69291,0.000484313168597749
"540",5,0.2126,0.4252,0.51969,0.72441,0.07874,0.000290596377467112
"541",5,0.22047,0.19685,0.23622,0.25197,0.23622,0.000300327931362817
"542",5,0.22835,0.094488,0.12598,0.49606,0.28346,0.000224594068965502
"543",5,0.23622,0.71654,0.98425,0.44094,0.14173,0.000333752529720522
"544",5,0.24409,0.46457,0.49606,0.97638,0.27559,0.000269788562127651
"545",5,0.25197,0.90551,0.82677,0.16535,0.74803,0.000412305081823548
"546",5,0.25984,0.24409,0.85039,0.086614,0.44882,0.00038752119474949
"547",5,0.26772,0.047244,0.5748,0.17323,0.6378,0.000218388840474135
"548",5,0.27559,0.007874,0.7874,0.53543,0.094488,0.000149936924009429
"549",5,0.28346,0.015748,0.58268,0.82677,0.93701,0.000151003178334068
"550",5,0.29134,0.89764,0.29134,0.7874,0.88189,0.000292903647297769
"551",5,0.29921,0.023622,0.52756,0.023622,0.89764,0.000298962110249448
"552",5,0.30709,0.88189,0.75591,0.76378,0.16535,0.00028559327810439
"553",5,0.31496,0.45669,0.047244,0.52756,0.11024,0.000266048389059644
"554",5,0.32283,0.40945,0.53543,0.74803,0.38583,0.000240949155267569
"555",5,0.33071,0.070866,0.28346,0.18898,0.71654,0.000206571950109434
"556",5,0.33858,0.33858,0.59843,0.20472,0.023622,0.000301908240961959
"557",5,0.34646,0.2126,0.59055,0.23622,0.77953,0.000256486760192537
"558",5,0.35433,0.55906,0.40157,0.94488,0.96063,0.0002369497703139
"559",5,0.3622,0.52756,0.1811,0.64567,0.22047,0.000245952327503625
"560",5,0.37008,0.62992,0.92913,0.8189,0.74016,0.000243780359107406
"561",5,0.37795,0.41732,0.070866,0,0.30709,0.000530959561065525
"562",5,0.38583,0.99213,0,0.37795,0.26772,0.000305248965982478
"563",5,0.3937,0.18898,0.84252,0.19685,0.24409,0.000243652715164012
"564",5,0.40157,0.92913,0.68504,0.66142,0.46457,0.000260636139214216
"565",5,0.40945,0.69291,0.32283,0.59055,0.1811,0.00024952698262656
"566",5,0.41732,0.62205,0.56693,0.094488,0.59843,0.000400376530242864
"567",5,0.4252,0.81102,0.15748,0.4252,0.95276,0.000273500896201962
"568",5,0.43307,0.37795,0.37795,0.88189,0.11811,0.000189957499996151
"569",5,0.44094,0.87402,1,0.40157,0.25197,0.000277285560799175
"570",5,0.44882,0.7874,0.17323,0.92126,0.3937,0.000220000248247519
"571",5,0.45669,0.32283,0.38583,0.46457,0.79528,0.000200697491732219
"572",5,0.46457,0.33071,0.086614,0.015748,0.33071,0.000526364463213638
"573",5,0.47244,0.14173,0.094488,0.55118,0.85827,0.000144673264585929
"574",5,0.48031,0.23622,0.4252,0.95276,0.91339,0.000150471676174245
"575",5,0.48819,0.92126,0.70079,0.22047,0.86614,0.000316087497152501
"576",5,0.49606,0.58268,0.27559,0.80315,0.61417,0.000198412444304504
"577",5,0.50394,0.82677,0.41732,0.31496,0.007874,0.000276795460892202
"578",5,0.51181,0.48819,0.31496,0.75591,0.80315,0.00018796145497651
"579",5,0.51969,0.93701,0.20472,0.11811,0.53543,0.000371539245419405
"580",5,0.52756,0.3622,0.90551,0.67717,0.88976,0.000171728115488386
"581",5,0.53543,0.14961,0.18898,0.59843,0.51181,0.000127816266995853
"582",5,0.54331,0.67717,0.14961,0.79528,0.70079,0.000196338703170943
"583",5,0.55118,0.3937,0.03937,0.83465,0.45669,0.000160859241868332
"584",5,0.55906,0.031496,0.25984,0.70079,0.77165,6.42864031877079e-05
"585",5,0.56693,0.062992,0.55118,0.055118,0.18898,0.000223834685619083
"586",5,0.5748,0.40157,0.015748,0.15748,0.34646,0.000276943761184739
"587",5,0.58268,0.6063,0.88976,0.22835,0.35433,0.000268980719227861
"588",5,0.59055,0.37008,0.93701,0.86614,0,0.000149238171013022
"589",5,0.59843,0.22047,0.65354,0.91339,0.75591,0.000116516346905962
"590",5,0.6063,0.055118,0.007874,0.85039,0.086614,6.53200798038725e-05
"591",5,0.61417,0.76378,0.77165,0.56693,0.84252,0.000209692266206128
"592",5,0.62205,0.49606,0.74803,0.27559,0.82677,0.00023162183228157
"593",5,0.62992,0.95276,0.3937,0.71654,0.76378,0.000204017987115514
"594",5,0.6378,0.38583,0.33858,0.48031,0.98425,0.000172611464892442
"595",5,0.64567,0.03937,0.34646,0.92913,0.31496,5.14763447272464e-05
"596",5,0.65354,0.48031,0.24409,0.031496,0.56693,0.000454040652864086
"597",5,0.66142,0.73228,0.33071,0.13386,0.92913,0.000322941237924179
"598",5,0.66929,0.15748,0.92126,0.41732,0.015748,0.000122253565513753
"599",5,0.67717,0.61417,0.19685,0.89764,0.54331,0.000164605918139305
"600",5,0.68504,0.74803,0.6378,0.33858,0.2126,0.000233089467300631
"601",5,0.69291,0.59055,0.96063,0.58268,0.99213,0.000183794671510367
"602",5,0.70079,0.22835,0.66142,0.70866,0.50394,0.000116804493181223
"603",5,0.70866,1,0.54331,0.62992,0.40945,0.000204499843933863
"604",5,0.71654,0.8189,0.70866,0.68504,0.51969,0.000190014951822892
"605",5,0.72441,0.56693,0.2126,0.93701,0.062992,0.000152895146750801
"606",5,0.73228,0.17323,0.73228,0.14961,0.3622,0.000190642907167147
"607",5,0.74016,0.12598,0.97638,0.62205,0.55118,8.95062272006637e-05
"608",5,0.74803,0.34646,0.95276,0.03937,0.62205,0.000398061558827944
"609",5,0.75591,0.97638,0.76378,0.007874,0.59055,0.000521290246948854
"610",5,0.76378,0.91339,0.48819,0.12598,0.94488,0.000327817704196325
"611",5,0.77165,0.5748,0.30709,0.070866,0.22835,0.000364460901995211
"612",5,0.77953,0.10236,0.77953,0.61417,0.47244,7.92542655570877e-05
"613",5,0.7874,0.66142,0.74016,0.74016,0.19685,0.000167406821354991
"614",5,0.79528,0.51969,0.62205,0.90551,0.15748,0.000144878218513915
"615",5,0.80315,0.35433,0.88189,0.32283,0.90551,0.000177227352179085
"616",5,0.81102,0.28346,0.80315,0.44882,0.52756,0.000142537582471547
"617",5,0.8189,0.53543,0.11024,0.51181,0.32283,0.000173893646933698
"618",5,0.82677,0.16535,0.16535,0.47244,0.12598,0.000107104884217517
"619",5,0.83465,0.50394,0.43307,0.73228,0.10236,0.000149999562775745
"620",5,0.84252,0.07874,0.25197,0.38583,0.67717,7.87997518229623e-05
"621",5,0.85039,0.72441,0.14173,0.30709,0.48031,0.000223824637832342
"622",5,0.85827,0.70866,0.055118,0.24409,0.70866,0.000240247983638766
"623",5,0.86614,0.086614,0.45669,0.85827,0.92126,6.02122563116648e-05
"624",5,0.87402,0.54331,0.22835,0.84252,0.97638,0.000146477634626943
"625",5,0.88189,0.74016,0.86614,0.28346,0.64567,0.000229456164619851
"626",5,0.88976,0.79528,0.81102,0.062992,0.81102,0.000378869104874756
"627",5,0.89764,0.25197,0.3622,0.25984,0.66142,0.000162685103023186
"628",5,0.90551,0,0.9685,0.98425,0.41732,1.69967005154853e-05
"629",5,0.91339,0.59843,0.55906,0.40945,1,0.000187711612937179
"630",5,0.92126,0.9685,0.69291,0.65354,0.17323,0.000184278653067135
"631",5,0.92913,0.85827,0.37008,0.45669,0.14961,0.000199909686538751
"632",5,0.93701,0.88976,0.61417,0.35433,0.37008,0.000217804963104304
"633",5,0.94488,0.30709,0.91339,0.87402,0.29134,0.000111104586763205
"634",5,0.95276,0.96063,0.6063,0.99213,0.6063,0.000162882044495569
"635",5,0.96063,0.1811,0.47244,0.14173,0.43307,0.000181730681082629
"636",5,0.9685,0.43307,0.62992,0.29134,0.4252,0.000187151965629704
"637",5,0.97638,0.27559,0.023622,0.34646,0.48819,0.000146153649800402
"638",5,0.98425,0.77953,0.87402,0.3937,0.055118,0.00020130112038508
"639",5,0.99213,0.83465,0.031496,0.77165,0.33858,0.000166251900899531
"640",5,1,0.44882,0.29921,0.51969,0.047244,0.000152207180153112
"641",6,0,0.55118,0.44882,0.26772,0.25984,0.000306096545750075
"642",6,0.007874,0.25984,0.22047,0.3622,0.83465,0.000288698747204864
"643",6,0.015748,0.75591,0.26772,0.33071,0.7874,0.000300993797407092
"644",6,0.023622,0.85039,0.8189,0.6063,0.72441,0.000292546360403725
"645",6,0.031496,0.31496,0.71654,0.2126,0.62992,0.00029533655134469
"646",6,0.03937,0.68504,0.67717,0.047244,0.37795,0.000333377611322224
"647",6,0.047244,0.66929,0.11811,0.43307,0.65354,0.000293841813950919
"648",6,0.055118,0.11811,0.83465,0.77953,0.73228,0.000262533650538456
"649",6,0.062992,0.94488,0.72441,0.10236,0.40157,0.000318874473502327
"650",6,0.070866,0.29134,0.13386,0.48819,0.55906,0.000273960745399603
"651",6,0.07874,0.26772,0.07874,0.5748,0.070866,0.000272193915588835
"652",6,0.086614,0.86614,0.062992,0.69291,0.44094,0.000277007981457705
"653",6,0.094488,0.65354,0.94488,0.66929,0.85039,0.000264845793765746
"654",6,0.10236,0.44094,0.99213,0.1811,0.29921,0.000284231218230594
"655",6,0.11024,0.98425,0.50394,0.6378,0.03937,0.000265384492350912
"656",6,0.11811,0.80315,0.46457,0.37008,0.13386,0.000271226730319938
"657",6,0.12598,0.29921,0.89764,0.50394,0.8189,0.000243827269044901
"658",6,0.13386,0.47244,0.40945,0.81102,0.68504,0.000243075777070909
"659",6,0.14173,0.64567,0.10236,0.29921,0.49606,0.000259421067926167
"660",6,0.14961,0.84252,0.48031,0.88976,0.87402,0.000246663965722564
"661",6,0.15748,0.51181,0.44094,0.11024,0.66929,0.000280153783645458
"662",6,0.16535,0.6378,0.64567,0.54331,0.20472,0.000238243060012684
"663",6,0.17323,0.11024,0.51181,0.55906,0.9685,0.000210645960403842
"664",6,0.1811,0.20472,0.35433,1,0.58268,0.000199938330298897
"665",6,0.18898,0.70079,0.79528,0.96063,0.5748,0.000215516408263601
"666",6,0.19685,0.13386,0.66929,0.9685,0.031496,0.000191828549380197
"667",6,0.20472,0.77165,0.85827,0.07874,0.69291,0.000289515049202397
"668",6,0.2126,0.4252,0.51969,0.72441,0.07874,0.000198817107514385
"669",6,0.22047,0.19685,0.23622,0.25197,0.23622,0.000203824742129695
"670",6,0.22835,0.094488,0.12598,0.49606,0.28346,0.000171218170350214
"671",6,0.23622,0.71654,0.98425,0.44094,0.14173,0.000211471167521007
"672",6,0.24409,0.46457,0.49606,0.97638,0.27559,0.000181406280931826
"673",6,0.25197,0.90551,0.82677,0.16535,0.74803,0.00024526644750837
"674",6,0.25984,0.24409,0.85039,0.086614,0.44882,0.000233218663093864
"675",6,0.26772,0.047244,0.5748,0.17323,0.6378,0.000159406692013748
"676",6,0.27559,0.007874,0.7874,0.53543,0.094488,0.000135869368955094
"677",6,0.28346,0.015748,0.58268,0.82677,0.93701,0.000134553702663866
"678",6,0.29134,0.89764,0.29134,0.7874,0.88189,0.000181471737106029
"679",6,0.29921,0.023622,0.52756,0.023622,0.89764,0.000184647869603628
"680",6,0.30709,0.88189,0.75591,0.76378,0.16535,0.000173425136327497
"681",6,0.31496,0.45669,0.047244,0.52756,0.11024,0.000164651284510205
"682",6,0.32283,0.40945,0.53543,0.74803,0.38583,0.000151277013000486
"683",6,0.33071,0.070866,0.28346,0.18898,0.71654,0.000137852921014925
"684",6,0.33858,0.33858,0.59843,0.20472,0.023622,0.000177073927667053
"685",6,0.34646,0.2126,0.59055,0.23622,0.77953,0.000155730817118726
"686",6,0.35433,0.55906,0.40157,0.94488,0.96063,0.000143217013099326
"687",6,0.3622,0.52756,0.1811,0.64567,0.22047,0.000144886254865818
"688",6,0.37008,0.62992,0.92913,0.8189,0.74016,0.000143115651895533
"689",6,0.37795,0.41732,0.070866,0,0.30709,0.000342346415804313
"690",6,0.38583,0.99213,0,0.37795,0.26772,0.000170098151961274
"691",6,0.3937,0.18898,0.84252,0.19685,0.24409,0.000140279566149141
"692",6,0.40157,0.92913,0.68504,0.66142,0.46457,0.000143905666862868
"693",6,0.40945,0.69291,0.32283,0.59055,0.1811,0.000137687929171535
"694",6,0.41732,0.62205,0.56693,0.094488,0.59843,0.000218345832064168
"695",6,0.4252,0.81102,0.15748,0.4252,0.95276,0.000147130448938647
"696",6,0.43307,0.37795,0.37795,0.88189,0.11811,0.000107819924351022
"697",6,0.44094,0.87402,1,0.40157,0.25197,0.000147406002941473
"698",6,0.44882,0.7874,0.17323,0.92126,0.3937,0.000116630850942263
"699",6,0.45669,0.32283,0.38583,0.46457,0.79528,0.000108223591358588
"700",6,0.46457,0.33071,0.086614,0.015748,0.33071,0.000294994625530748
"701",6,0.47244,0.14173,0.094488,0.55118,0.85827,8.39877380817707e-05
"702",6,0.48031,0.23622,0.4252,0.95276,0.91339,8.47698185642112e-05
"703",6,0.48819,0.92126,0.70079,0.22047,0.86614,0.000162698924666638
"704",6,0.49606,0.58268,0.27559,0.80315,0.61417,0.000100640673342641
"705",6,0.50394,0.82677,0.41732,0.31496,0.007874,0.000139755223329737
"706",6,0.51181,0.48819,0.31496,0.75591,0.80315,9.48497047761968e-05
"707",6,0.51969,0.93701,0.20472,0.11811,0.53543,0.00019064185896476
"708",6,0.52756,0.3622,0.90551,0.67717,0.88976,8.54761766877099e-05
"709",6,0.53543,0.14961,0.18898,0.59843,0.51181,6.73870217987272e-05
"710",6,0.54331,0.67717,0.14961,0.79528,0.70079,9.42938663369382e-05
"711",6,0.55118,0.3937,0.03937,0.83465,0.45669,7.68563737747854e-05
"712",6,0.55906,0.031496,0.25984,0.70079,0.77165,4.03106519623608e-05
"713",6,0.56693,0.062992,0.55118,0.055118,0.18898,0.000109977052386462
"714",6,0.5748,0.40157,0.015748,0.15748,0.34646,0.000135347087428705
"715",6,0.58268,0.6063,0.88976,0.22835,0.35433,0.000130118097931388
"716",6,0.59055,0.37008,0.93701,0.86614,0,6.85472260993414e-05
"717",6,0.59843,0.22047,0.65354,0.91339,0.75591,5.31173405204307e-05
"718",6,0.6063,0.055118,0.007874,0.85039,0.086614,3.45927735054882e-05
"719",6,0.61417,0.76378,0.77165,0.56693,0.84252,9.50537763678778e-05
"720",6,0.62205,0.49606,0.74803,0.27559,0.82677,0.00010720368017024
"721",6,0.62992,0.95276,0.3937,0.71654,0.76378,9.08716659547294e-05
"722",6,0.6378,0.38583,0.33858,0.48031,0.98425,7.63555109259874e-05
"723",6,0.64567,0.03937,0.34646,0.92913,0.31496,2.71662257687175e-05
"724",6,0.65354,0.48031,0.24409,0.031496,0.56693,0.000235903945948738
"725",6,0.66142,0.73228,0.33071,0.13386,0.92913,0.000154821410743433
"726",6,0.66929,0.15748,0.92126,0.41732,0.015748,5.31113463178183e-05
"727",6,0.67717,0.61417,0.19685,0.89764,0.54331,6.94678491048787e-05
"728",6,0.68504,0.74803,0.6378,0.33858,0.2126,0.000104216404758548
"729",6,0.69291,0.59055,0.96063,0.58268,0.99213,7.95284081797767e-05
"730",6,0.70079,0.22835,0.66142,0.70866,0.50394,4.82461155708458e-05
"731",6,0.70866,1,0.54331,0.62992,0.40945,8.77946514591835e-05
"732",6,0.71654,0.8189,0.70866,0.68504,0.51969,8.02542465998867e-05
"733",6,0.72441,0.56693,0.2126,0.93701,0.062992,6.23451739223139e-05
"734",6,0.73228,0.17323,0.73228,0.14961,0.3622,8.31962440937735e-05
"735",6,0.74016,0.12598,0.97638,0.62205,0.55118,3.65821340323955e-05
"736",6,0.74803,0.34646,0.95276,0.03937,0.62205,0.000195654050158941
"737",6,0.75591,0.97638,0.76378,0.007874,0.59055,0.000295276773988246
"738",6,0.76378,0.91339,0.48819,0.12598,0.94488,0.000153935529193973
"739",6,0.77165,0.5748,0.30709,0.070866,0.22835,0.000174156128742874
"740",6,0.77953,0.10236,0.77953,0.61417,0.47244,3.17721407307679e-05
"741",6,0.7874,0.66142,0.74016,0.74016,0.19685,6.7226918816488e-05
"742",6,0.79528,0.51969,0.62205,0.90551,0.15748,5.69773752473971e-05
"743",6,0.80315,0.35433,0.88189,0.32283,0.90551,7.32100640334417e-05
"744",6,0.81102,0.28346,0.80315,0.44882,0.52756,5.68859561292362e-05
"745",6,0.8189,0.53543,0.11024,0.51181,0.32283,7.08071035862912e-05
"746",6,0.82677,0.16535,0.16535,0.47244,0.12598,4.11333565948448e-05
"747",6,0.83465,0.50394,0.43307,0.73228,0.10236,5.82301084065439e-05
"748",6,0.84252,0.07874,0.25197,0.38583,0.67717,2.98264614044893e-05
"749",6,0.85039,0.72441,0.14173,0.30709,0.48031,9.44638869635157e-05
"750",6,0.85827,0.70866,0.055118,0.24409,0.70866,0.000102264411809497
"751",6,0.86614,0.086614,0.45669,0.85827,0.92126,2.19743539166281e-05
"752",6,0.87402,0.54331,0.22835,0.84252,0.97638,5.59603379522504e-05
"753",6,0.88189,0.74016,0.86614,0.28346,0.64567,9.67117874288885e-05
"754",6,0.88976,0.79528,0.81102,0.062992,0.81102,0.000178998620267285
"755",6,0.89764,0.25197,0.3622,0.25984,0.66142,6.48918270712246e-05
"756",6,0.90551,0,0.9685,0.98425,0.41732,1.07322663610701e-05
"757",6,0.91339,0.59843,0.55906,0.40945,1,7.51411572080067e-05
"758",6,0.92126,0.9685,0.69291,0.65354,0.17323,7.21544635381889e-05
"759",6,0.92913,0.85827,0.37008,0.45669,0.14961,8.03148382315621e-05
"760",6,0.93701,0.88976,0.61417,0.35433,0.37008,8.87698054600477e-05
"761",6,0.94488,0.30709,0.91339,0.87402,0.29134,4.02167312410894e-05
"762",6,0.95276,0.96063,0.6063,0.99213,0.6063,6.09799520264292e-05
"763",6,0.96063,0.1811,0.47244,0.14173,0.43307,7.29035711343822e-05
"764",6,0.9685,0.43307,0.62992,0.29134,0.4252,7.42733100896305e-05
"765",6,0.97638,0.27559,0.023622,0.34646,0.48819,5.58038927088566e-05
"766",6,0.98425,0.77953,0.87402,0.3937,0.055118,7.98932572133918e-05
"767",6,0.99213,0.83465,0.031496,0.77165,0.33858,6.26492250222223e-05
"768",6,1,0.44882,0.29921,0.51969,0.047244,5.72642967778307e-05
"769",7,0,0.55118,0.44882,0.26772,0.25984,0.000310289481109069
"770",7,0.007874,0.25984,0.22047,0.3622,0.83465,0.000289630814416113
"771",7,0.015748,0.75591,0.26772,0.33071,0.7874,0.000304549949453393
"772",7,0.023622,0.85039,0.8189,0.6063,0.72441,0.000297596343594693
"773",7,0.031496,0.31496,0.71654,0.2126,0.62992,0.000299949337578964
"774",7,0.03937,0.68504,0.67717,0.047244,0.37795,0.000356005407533583
"775",7,0.047244,0.66929,0.11811,0.43307,0.65354,0.000294948901521956
"776",7,0.055118,0.11811,0.83465,0.77953,0.73228,0.000263313812466756
"777",7,0.062992,0.94488,0.72441,0.10236,0.40157,0.000334903135318805
"778",7,0.070866,0.29134,0.13386,0.48819,0.55906,0.000273957623656303
"779",7,0.07874,0.26772,0.07874,0.5748,0.070866,0.000271630986739859
"780",7,0.086614,0.86614,0.062992,0.69291,0.44094,0.000276664891542605
"781",7,0.094488,0.65354,0.94488,0.66929,0.85039,0.000268625406239219
"782",7,0.10236,0.44094,0.99213,0.1811,0.29921,0.000292092112706013
"783",7,0.11024,0.98425,0.50394,0.6378,0.03937,0.000269173952129759
"784",7,0.11811,0.80315,0.46457,0.37008,0.13386,0.000275563529206473
"785",7,0.12598,0.29921,0.89764,0.50394,0.8189,0.000245638671318762
"786",7,0.13386,0.47244,0.40945,0.81102,0.68504,0.000243832848413654
"787",7,0.14173,0.64567,0.10236,0.29921,0.49606,0.000260928682332773
"788",7,0.14961,0.84252,0.48031,0.88976,0.87402,0.000249156075672827
"789",7,0.15748,0.51181,0.44094,0.11024,0.66929,0.000288298158306218
"790",7,0.16535,0.6378,0.64567,0.54331,0.20472,0.000241865018038842
"791",7,0.17323,0.11024,0.51181,0.55906,0.9685,0.000211317781751142
"792",7,0.1811,0.20472,0.35433,1,0.58268,0.000200326692039809
"793",7,0.18898,0.70079,0.79528,0.96063,0.5748,0.000218315339163137
"794",7,0.19685,0.13386,0.66929,0.9685,0.031496,0.000192424137636872
"795",7,0.20472,0.77165,0.85827,0.07874,0.69291,0.00030848064763759
"796",7,0.2126,0.4252,0.51969,0.72441,0.07874,0.000200415659308065
"797",7,0.22047,0.19685,0.23622,0.25197,0.23622,0.000204688347548244
"798",7,0.22835,0.094488,0.12598,0.49606,0.28346,0.000171607455272467
"799",7,0.23622,0.71654,0.98425,0.44094,0.14173,0.000217200121904044
"800",7,0.24409,0.46457,0.49606,0.97638,0.27559,0.000182776632908889
"801",7,0.25197,0.90551,0.82677,0.16535,0.74803,0.000259200900383245
"802",7,0.25984,0.24409,0.85039,0.086614,0.44882,0.000242734055465942
"803",7,0.26772,0.047244,0.5748,0.17323,0.6378,0.000160412581128663
"804",7,0.27559,0.007874,0.7874,0.53543,0.094488,0.000137233151362327
"805",7,0.28346,0.015748,0.58268,0.82677,0.93701,0.000135859900658522
"806",7,0.29134,0.89764,0.29134,0.7874,0.88189,0.000182921605799549
"807",7,0.29921,0.023622,0.52756,0.023622,0.89764,0.000187896006469333
"808",7,0.30709,0.88189,0.75591,0.76378,0.16535,0.00017714366284678
"809",7,0.31496,0.45669,0.047244,0.52756,0.11024,0.000164655149732512
"810",7,0.32283,0.40945,0.53543,0.74803,0.38583,0.000152850462707389
"811",7,0.33071,0.070866,0.28346,0.18898,0.71654,0.000138656494089975
"812",7,0.33858,0.33858,0.59843,0.20472,0.023622,0.000181530883010609
"813",7,0.34646,0.2126,0.59055,0.23622,0.77953,0.000158294461357259
"814",7,0.35433,0.55906,0.40157,0.94488,0.96063,0.000144512234315758
"815",7,0.3622,0.52756,0.1811,0.64567,0.22047,0.00014603144045274
"816",7,0.37008,0.62992,0.92913,0.8189,0.74016,0.000146321713562603
"817",7,0.37795,0.41732,0.070866,0,0.30709,0.000357188947667889
"818",7,0.38583,0.99213,0,0.37795,0.26772,0.000170638993199459
"819",7,0.3937,0.18898,0.84252,0.19685,0.24409,0.00014386639978091
"820",7,0.40157,0.92913,0.68504,0.66142,0.46457,0.000147662639231377
"821",7,0.40945,0.69291,0.32283,0.59055,0.1811,0.000139674823676524
"822",7,0.41732,0.62205,0.56693,0.094488,0.59843,0.000230364759975908
"823",7,0.4252,0.81102,0.15748,0.4252,0.95276,0.000149505017239788
"824",7,0.43307,0.37795,0.37795,0.88189,0.11811,0.000108819273800585
"825",7,0.44094,0.87402,1,0.40157,0.25197,0.000154370216309624
"826",7,0.44882,0.7874,0.17323,0.92126,0.3937,0.000117067833891083
"827",7,0.45669,0.32283,0.38583,0.46457,0.79528,0.000109255115537523
"828",7,0.46457,0.33071,0.086614,0.015748,0.33071,0.000302239745365518
"829",7,0.47244,0.14173,0.094488,0.55118,0.85827,8.39465049230728e-05
"830",7,0.48031,0.23622,0.4252,0.95276,0.91339,8.53623369169548e-05
"831",7,0.48819,0.92126,0.70079,0.22047,0.86614,0.000171917524406597
"832",7,0.49606,0.58268,0.27559,0.80315,0.61417,0.000101972687940308
"833",7,0.50394,0.82677,0.41732,0.31496,0.007874,0.000144865432728749
"834",7,0.51181,0.48819,0.31496,0.75591,0.80315,9.60382218569287e-05
"835",7,0.51969,0.93701,0.20472,0.11811,0.53543,0.000197633752705987
"836",7,0.52756,0.3622,0.90551,0.67717,0.88976,8.75032742335548e-05
"837",7,0.53543,0.14961,0.18898,0.59843,0.51181,6.75299128811589e-05
"838",7,0.54331,0.67717,0.14961,0.79528,0.70079,9.52108576079952e-05
"839",7,0.55118,0.3937,0.03937,0.83465,0.45669,7.71682474048631e-05
"840",7,0.55906,0.031496,0.25984,0.70079,0.77165,4.10479303259887e-05
"841",7,0.56693,0.062992,0.55118,0.055118,0.18898,0.000113637904079191
"842",7,0.5748,0.40157,0.015748,0.15748,0.34646,0.000136883736865646
"843",7,0.58268,0.6063,0.88976,0.22835,0.35433,0.00013725210260102
"844",7,0.59055,0.37008,0.93701,0.86614,0,7.0053421637543e-05
"845",7,0.59843,0.22047,0.65354,0.91339,0.75591,5.37743202019847e-05
"846",7,0.6063,0.055118,0.007874,0.85039,0.086614,3.47091882853601e-05
"847",7,0.61417,0.76378,0.77165,0.56693,0.84252,9.94362300923671e-05
"848",7,0.62205,0.49606,0.74803,0.27559,0.82677,0.000111488152152178
"849",7,0.62992,0.95276,0.3937,0.71654,0.76378,9.35783890888353e-05
"850",7,0.6378,0.38583,0.33858,0.48031,0.98425,7.77095027733424e-05
"851",7,0.64567,0.03937,0.34646,0.92913,0.31496,2.76649647321972e-05
"852",7,0.65354,0.48031,0.24409,0.031496,0.56693,0.000247243737224993
"853",7,0.66142,0.73228,0.33071,0.13386,0.92913,0.000161071066482926
"854",7,0.66929,0.15748,0.92126,0.41732,0.015748,5.4175711425442e-05
"855",7,0.67717,0.61417,0.19685,0.89764,0.54331,7.01616101099121e-05
"856",7,0.68504,0.74803,0.6378,0.33858,0.2126,0.000108572896859861
"857",7,0.69291,0.59055,0.96063,0.58268,0.99213,8.24510463138337e-05
"858",7,0.70079,0.22835,0.66142,0.70866,0.50394,4.90149817217395e-05
"859",7,0.70866,1,0.54331,0.62992,0.40945,9.12000648933331e-05
"860",7,0.71654,0.8189,0.70866,0.68504,0.51969,8.36895418830592e-05
"861",7,0.72441,0.56693,0.2126,0.93701,0.062992,6.26002554806681e-05
"862",7,0.73228,0.17323,0.73228,0.14961,0.3622,8.62381873047667e-05
"863",7,0.74016,0.12598,0.97638,0.62205,0.55118,3.70315813985021e-05
"864",7,0.74803,0.34646,0.95276,0.03937,0.62205,0.000212886148524494
"865",7,0.75591,0.97638,0.76378,0.007874,0.59055,0.000338664480321428
"866",7,0.76378,0.91339,0.48819,0.12598,0.94488,0.000163323754854972
"867",7,0.77165,0.5748,0.30709,0.070866,0.22835,0.00018229222061279
"868",7,0.77953,0.10236,0.77953,0.61417,0.47244,3.20441571437378e-05
"869",7,0.7874,0.66142,0.74016,0.74016,0.19685,6.92022971892781e-05
"870",7,0.79528,0.51969,0.62205,0.90551,0.15748,5.79926673998092e-05
"871",7,0.80315,0.35433,0.88189,0.32283,0.90551,7.60601045277298e-05
"872",7,0.81102,0.28346,0.80315,0.44882,0.52756,5.85896300794685e-05
"873",7,0.8189,0.53543,0.11024,0.51181,0.32283,7.10667230352897e-05
"874",7,0.82677,0.16535,0.16535,0.47244,0.12598,4.12976246413923e-05
"875",7,0.83465,0.50394,0.43307,0.73228,0.10236,5.93619782326437e-05
"876",7,0.84252,0.07874,0.25197,0.38583,0.67717,2.98112739475242e-05
"877",7,0.85039,0.72441,0.14173,0.30709,0.48031,9.64196833662371e-05
"878",7,0.85827,0.70866,0.055118,0.24409,0.70866,0.000103575246339175
"879",7,0.86614,0.086614,0.45669,0.85827,0.92126,2.21390165296478e-05
"880",7,0.87402,0.54331,0.22835,0.84252,0.97638,5.6664753896726e-05
"881",7,0.88189,0.74016,0.86614,0.28346,0.64567,0.000102322679051879
"882",7,0.88976,0.79528,0.81102,0.062992,0.81102,0.000196292732851759
"883",7,0.89764,0.25197,0.3622,0.25984,0.66142,6.60463569975739e-05
"884",7,0.90551,0,0.9685,0.98425,0.41732,1.13747520911008e-05
"885",7,0.91339,0.59843,0.55906,0.40945,1,7.72895440844649e-05
"886",7,0.92126,0.9685,0.69291,0.65354,0.17323,7.50269454598506e-05
"887",7,0.92913,0.85827,0.37008,0.45669,0.14961,8.25788071610678e-05
"888",7,0.93701,0.88976,0.61417,0.35433,0.37008,9.31041662075295e-05
"889",7,0.94488,0.30709,0.91339,0.87402,0.29134,4.08799079025886e-05
"890",7,0.95276,0.96063,0.6063,0.99213,0.6063,6.28701205351862e-05
"891",7,0.96063,0.1811,0.47244,0.14173,0.43307,7.46540903573659e-05
"892",7,0.9685,0.43307,0.62992,0.29134,0.4252,7.69339393868538e-05
"893",7,0.97638,0.27559,0.023622,0.34646,0.48819,5.55933728064976e-05
"894",7,0.98425,0.77953,0.87402,0.3937,0.055118,8.46799291702071e-05
"895",7,0.99213,0.83465,0.031496,0.77165,0.33858,6.26032563213646e-05
"896",7,1,0.44882,0.29921,0.51969,0.047244,5.80101383939658e-05
"897",8,0,0.55118,0.44882,0.26772,0.25984,0.00070988169594143
"898",8,0.007874,0.25984,0.22047,0.3622,0.83465,0.000567989473342811
"899",8,0.015748,0.75591,0.26772,0.33071,0.7874,0.000713761163950658
"900",8,0.023622,0.85039,0.8189,0.6063,0.72441,0.00064035544112055
"901",8,0.031496,0.31496,0.71654,0.2126,0.62992,0.000664678669395379
"902",8,0.03937,0.68504,0.67717,0.047244,0.37795,0.00104279271375773
"903",8,0.047244,0.66929,0.11811,0.43307,0.65354,0.000662153292934061
"904",8,0.055118,0.11811,0.83465,0.77953,0.73228,0.000406980972731613
"905",8,0.062992,0.94488,0.72441,0.10236,0.40157,0.000923299867044597
"906",8,0.070866,0.29134,0.13386,0.48819,0.55906,0.000536029597320671
"907",8,0.07874,0.26772,0.07874,0.5748,0.070866,0.000510473780088551
"908",8,0.086614,0.86614,0.062992,0.69291,0.44094,0.00061978919984606
"909",8,0.094488,0.65354,0.94488,0.66929,0.85039,0.000579810968561441
"910",8,0.10236,0.44094,0.99213,0.1811,0.29921,0.00072097950900118
"911",8,0.11024,0.98425,0.50394,0.6378,0.03937,0.000623281741407757
"912",8,0.11811,0.80315,0.46457,0.37008,0.13386,0.000674313595649008
"913",8,0.12598,0.29921,0.89764,0.50394,0.8189,0.000502190310770159
"914",8,0.13386,0.47244,0.40945,0.81102,0.68504,0.000510236700120824
"915",8,0.14173,0.64567,0.10236,0.29921,0.49606,0.000675104152217108
"916",8,0.14961,0.84252,0.48031,0.88976,0.87402,0.000560688037018878
"917",8,0.15748,0.51181,0.44094,0.11024,0.66929,0.00083022964519118
"918",8,0.16535,0.6378,0.64567,0.54331,0.20472,0.000572954593255943
"919",8,0.17323,0.11024,0.51181,0.55906,0.9685,0.000366150839604431
"920",8,0.1811,0.20472,0.35433,1,0.58268,0.000372072622832086
"921",8,0.18898,0.70079,0.79528,0.96063,0.5748,0.000505706789896403
"922",8,0.19685,0.13386,0.66929,0.9685,0.031496,0.000332470779241661
"923",8,0.20472,0.77165,0.85827,0.07874,0.69291,0.000932921424085792
"924",8,0.2126,0.4252,0.51969,0.72441,0.07874,0.000464966156874736
"925",8,0.22047,0.19685,0.23622,0.25197,0.23622,0.000491731160432677
"926",8,0.22835,0.094488,0.12598,0.49606,0.28346,0.000322668667207832
"927",8,0.23622,0.71654,0.98425,0.44094,0.14173,0.000580319643358275
"928",8,0.24409,0.46457,0.49606,0.97638,0.27559,0.000432270319216801
"929",8,0.25197,0.90551,0.82677,0.16535,0.74803,0.000778282741029432
"930",8,0.25984,0.24409,0.85039,0.086614,0.44882,0.000723929191810603
"931",8,0.26772,0.047244,0.5748,0.17323,0.6378,0.000329545141261693
"932",8,0.27559,0.007874,0.7874,0.53543,0.094488,0.000199436728204309
"933",8,0.28346,0.015748,0.58268,0.82677,0.93701,0.000200410757706027
"934",8,0.29134,0.89764,0.29134,0.7874,0.88189,0.000512485709956345
"935",8,0.29921,0.023622,0.52756,0.023622,0.89764,0.000537328566751407
"936",8,0.30709,0.88189,0.75591,0.76378,0.16535,0.000503185250659959
"937",8,0.31496,0.45669,0.047244,0.52756,0.11024,0.000467249167261546
"938",8,0.32283,0.40945,0.53543,0.74803,0.38583,0.000408202633758272
"939",8,0.33071,0.070866,0.28346,0.18898,0.71654,0.000338085719606715
"940",8,0.33858,0.33858,0.59843,0.20472,0.023622,0.000564036124010884
"941",8,0.34646,0.2126,0.59055,0.23622,0.77953,0.000459340233324507
"942",8,0.35433,0.55906,0.40157,0.94488,0.96063,0.000414009566844449
"943",8,0.3622,0.52756,0.1811,0.64567,0.22047,0.00044268853809308
"944",8,0.37008,0.62992,0.92913,0.8189,0.74016,0.000434623692406579
"945",8,0.37795,0.41732,0.070866,0,0.30709,0.0011292661697391
"946",8,0.38583,0.99213,0,0.37795,0.26772,0.000594920873678387
"947",8,0.3937,0.18898,0.84252,0.19685,0.24409,0.000451627691951729
"948",8,0.40157,0.92913,0.68504,0.66142,0.46457,0.000490995589592928
"949",8,0.40945,0.69291,0.32283,0.59055,0.1811,0.000471628850659722
"950",8,0.41732,0.62205,0.56693,0.094488,0.59843,0.000818604958531084
"951",8,0.4252,0.81102,0.15748,0.4252,0.95276,0.000537581643609573
"952",8,0.43307,0.37795,0.37795,0.88189,0.11811,0.000342039267656842
"953",8,0.44094,0.87402,1,0.40157,0.25197,0.000542448553369882
"954",8,0.44882,0.7874,0.17323,0.92126,0.3937,0.000419928325809407
"955",8,0.45669,0.32283,0.38583,0.46457,0.79528,0.000380828074735581
"956",8,0.46457,0.33071,0.086614,0.015748,0.33071,0.00114116585776176
"957",8,0.47244,0.14173,0.094488,0.55118,0.85827,0.000256420588615785
"958",8,0.48031,0.23622,0.4252,0.95276,0.91339,0.000267429736361325
"959",8,0.48819,0.92126,0.70079,0.22047,0.86614,0.000650115938664901
"960",8,0.49606,0.58268,0.27559,0.80315,0.61417,0.000387652582173793
"961",8,0.50394,0.82677,0.41732,0.31496,0.007874,0.000566941183051119
"962",8,0.51181,0.48819,0.31496,0.75591,0.80315,0.000366958147513412
"963",8,0.51969,0.93701,0.20472,0.11811,0.53543,0.000791989913770425
"964",8,0.52756,0.3622,0.90551,0.67717,0.88976,0.000332280788246414
"965",8,0.53543,0.14961,0.18898,0.59843,0.51181,0.000237343642298795
"966",8,0.54331,0.67717,0.14961,0.79528,0.70079,0.00039556491653866
"967",8,0.55118,0.3937,0.03937,0.83465,0.45669,0.000317595291380733
"968",8,0.55906,0.031496,0.25984,0.70079,0.77165,0.000110689400798718
"969",8,0.56693,0.062992,0.55118,0.055118,0.18898,0.000463207756986108
"970",8,0.5748,0.40157,0.015748,0.15748,0.34646,0.000592520063208521
"971",8,0.58268,0.6063,0.88976,0.22835,0.35433,0.000565315224047305
"972",8,0.59055,0.37008,0.93701,0.86614,0,0.000297054316090575
"973",8,0.59843,0.22047,0.65354,0.91339,0.75591,0.000228814503468776
"974",8,0.6063,0.055118,0.007874,0.85039,0.086614,0.00011935624268437
"975",8,0.61417,0.76378,0.77165,0.56693,0.84252,0.000436570505344013
"976",8,0.62205,0.49606,0.74803,0.27559,0.82677,0.000490979897442926
"977",8,0.62992,0.95276,0.3937,0.71654,0.76378,0.000429656851889105
"978",8,0.6378,0.38583,0.33858,0.48031,0.98425,0.000362296838048815
"979",8,0.64567,0.03937,0.34646,0.92913,0.31496,9.60880710761711e-05
"980",8,0.65354,0.48031,0.24409,0.031496,0.56693,0.00100732793256544
"981",8,0.66142,0.73228,0.33071,0.13386,0.92913,0.000706912162196704
"982",8,0.66929,0.15748,0.92126,0.41732,0.015748,0.000250824430758531
"983",8,0.67717,0.61417,0.19685,0.89764,0.54331,0.000346431019098661
"984",8,0.68504,0.74803,0.6378,0.33858,0.2126,0.000503694782153792
"985",8,0.69291,0.59055,0.96063,0.58268,0.99213,0.000387864331494044
"986",8,0.70079,0.22835,0.66142,0.70866,0.50394,0.00024157504706666
"987",8,0.70866,1,0.54331,0.62992,0.40945,0.000439783114798427
"988",8,0.71654,0.8189,0.70866,0.68504,0.51969,0.000405782079939768
"989",8,0.72441,0.56693,0.2126,0.93701,0.062992,0.000326276956635304
"990",8,0.73228,0.17323,0.73228,0.14961,0.3622,0.000413135568890884
"991",8,0.74016,0.12598,0.97638,0.62205,0.55118,0.00018392490828896
"992",8,0.74803,0.34646,0.95276,0.03937,0.62205,0.000878786995080631
"993",8,0.75591,0.97638,0.76378,0.007874,0.59055,0.00109554358753938
"994",8,0.76378,0.91339,0.48819,0.12598,0.94488,0.000727681480764206
"995",8,0.77165,0.5748,0.30709,0.070866,0.22835,0.000818814649778475
"996",8,0.77953,0.10236,0.77953,0.61417,0.47244,0.00016324360498962
"997",8,0.7874,0.66142,0.74016,0.74016,0.19685,0.000361732789545606
"998",8,0.79528,0.51969,0.62205,0.90551,0.15748,0.000311100431705455
"999",8,0.80315,0.35433,0.88189,0.32283,0.90551,0.000386101792878957
"1000",8,0.81102,0.28346,0.80315,0.44882,0.52756,0.000307156719478715
"1001",8,0.8189,0.53543,0.11024,0.51181,0.32283,0.000382086276915191
"1002",8,0.82677,0.16535,0.16535,0.47244,0.12598,0.000231241084462203
"1003",8,0.83465,0.50394,0.43307,0.73228,0.10236,0.000326365878538209
"1004",8,0.84252,0.07874,0.25197,0.38583,0.67717,0.000168295865420666
"1005",8,0.85039,0.72441,0.14173,0.30709,0.48031,0.000505285991237337
"1006",8,0.85827,0.70866,0.055118,0.24409,0.70866,0.000546326470775237
"1007",8,0.86614,0.086614,0.45669,0.85827,0.92126,0.000125038840388169
"1008",8,0.87402,0.54331,0.22835,0.84252,0.97638,0.000319886846162885
"1009",8,0.88189,0.74016,0.86614,0.28346,0.64567,0.00051097044148215
"1010",8,0.88976,0.79528,0.81102,0.062992,0.81102,0.000848012773572277
"1011",8,0.89764,0.25197,0.3622,0.25984,0.66142,0.000362128411751931
"1012",8,0.90551,0,0.9685,0.98425,0.41732,4.59167387837468e-05
"1013",8,0.91339,0.59843,0.55906,0.40945,1,0.000418847088110141
"1014",8,0.92126,0.9685,0.69291,0.65354,0.17323,0.000408476124734198
"1015",8,0.92913,0.85827,0.37008,0.45669,0.14961,0.000448800621312143
"1016",8,0.93701,0.88976,0.61417,0.35433,0.37008,0.000489362929726018
"1017",8,0.94488,0.30709,0.91339,0.87402,0.29134,0.000239814160133006
"1018",8,0.95276,0.96063,0.6063,0.99213,0.6063,0.000360137093390812
"1019",8,0.96063,0.1811,0.47244,0.14173,0.43307,0.00041082808042912
"1020",8,0.9685,0.43307,0.62992,0.29134,0.4252,0.000421958976729613
"1021",8,0.97638,0.27559,0.023622,0.34646,0.48819,0.000328188322672522
"1022",8,0.98425,0.77953,0.87402,0.3937,0.055118,0.000452377269531583
"1023",8,0.99213,0.83465,0.031496,0.77165,0.33858,0.00037336694173917
"1024",8,1,0.44882,0.29921,0.51969,0.047244,0.000340678943104429
"1025",9,0,0.55118,0.44882,0.26772,0.25984,0.00336054515802681
"1026",9,0.007874,0.25984,0.22047,0.3622,0.83465,0.00281817510717381
"1027",9,0.015748,0.75591,0.26772,0.33071,0.7874,0.0033697279247079
"1028",9,0.023622,0.85039,0.8189,0.6063,0.72441,0.0031050436566316
"1029",9,0.031496,0.31496,0.71654,0.2126,0.62992,0.00320324723759761
"1030",9,0.03937,0.68504,0.67717,0.047244,0.37795,0.00387808919898524
"1031",9,0.047244,0.66929,0.11811,0.43307,0.65354,0.00319463631150775
"1032",9,0.055118,0.11811,0.83465,0.77953,0.73228,0.00192315895708021
"1033",9,0.062992,0.94488,0.72441,0.10236,0.40157,0.00377651942798252
"1034",9,0.070866,0.29134,0.13386,0.48819,0.55906,0.00269515203312566
"1035",9,0.07874,0.26772,0.07874,0.5748,0.070866,0.0025634574543656
"1036",9,0.086614,0.86614,0.062992,0.69291,0.44094,0.00305976992763218
"1037",9,0.094488,0.65354,0.94488,0.66929,0.85039,0.00291231954203787
"1038",9,0.10236,0.44094,0.99213,0.1811,0.29921,0.0033802479052026
"1039",9,0.11024,0.98425,0.50394,0.6378,0.03937,0.00308223608732689
"1040",9,0.11811,0.80315,0.46457,0.37008,0.13386,0.00324987261467581
"1041",9,0.12598,0.29921,0.89764,0.50394,0.8189,0.00261745427508599
"1042",9,0.13386,0.47244,0.40945,0.81102,0.68504,0.00267189494695263
"1043",9,0.14173,0.64567,0.10236,0.29921,0.49606,0.00328261006137474
"1044",9,0.14961,0.84252,0.48031,0.88976,0.87402,0.00288139057783626
"1045",9,0.15748,0.51181,0.44094,0.11024,0.66929,0.00364605373060476
"1046",9,0.16535,0.6378,0.64567,0.54331,0.20472,0.00294581540833956
"1047",9,0.17323,0.11024,0.51181,0.55906,0.9685,0.00192989086207258
"1048",9,0.1811,0.20472,0.35433,1,0.58268,0.002062882839114
"1049",9,0.18898,0.70079,0.79528,0.96063,0.5748,0.00272634391336679
"1050",9,0.19685,0.13386,0.66929,0.9685,0.031496,0.00181232872595384
"1051",9,0.20472,0.77165,0.85827,0.07874,0.69291,0.00371936412073645
"1052",9,0.2126,0.4252,0.51969,0.72441,0.07874,0.00258962706908457
"1053",9,0.22047,0.19685,0.23622,0.25197,0.23622,0.00269308684921973
"1054",9,0.22835,0.094488,0.12598,0.49606,0.28346,0.0018379687263152
"1055",9,0.23622,0.71654,0.98425,0.44094,0.14173,0.00300955827145397
"1056",9,0.24409,0.46457,0.49606,0.97638,0.27559,0.00249335804664771
"1057",9,0.25197,0.90551,0.82677,0.16535,0.74803,0.00348933718503512
"1058",9,0.25984,0.24409,0.85039,0.086614,0.44882,0.00341875912524068
"1059",9,0.26772,0.047244,0.5748,0.17323,0.6378,0.00193145718188144
"1060",9,0.27559,0.007874,0.7874,0.53543,0.094488,0.000706483550232167
"1061",9,0.28346,0.015748,0.58268,0.82677,0.93701,0.00081055979451573
"1062",9,0.29134,0.89764,0.29134,0.7874,0.88189,0.00283548170397011
"1063",9,0.29921,0.023622,0.52756,0.023622,0.89764,0.00294208872104109
"1064",9,0.30709,0.88189,0.75591,0.76378,0.16535,0.00280954119679982
"1065",9,0.31496,0.45669,0.047244,0.52756,0.11024,0.00270649767636697
"1066",9,0.32283,0.40945,0.53543,0.74803,0.38583,0.00247291635669668
"1067",9,0.33071,0.070866,0.28346,0.18898,0.71654,0.0021089780628076
"1068",9,0.33858,0.33858,0.59843,0.20472,0.023622,0.00302465255191278
"1069",9,0.34646,0.2126,0.59055,0.23622,0.77953,0.00267417774815108
"1070",9,0.35433,0.55906,0.40157,0.94488,0.96063,0.00252283411992792
"1071",9,0.3622,0.52756,0.1811,0.64567,0.22047,0.00264482841576035
"1072",9,0.37008,0.62992,0.92913,0.8189,0.74016,0.00260530513005003
"1073",9,0.37795,0.41732,0.070866,0,0.30709,0.00236831085721865
"1074",9,0.38583,0.99213,0,0.37795,0.26772,0.00313172261598517
"1075",9,0.3937,0.18898,0.84252,0.19685,0.24409,0.00267925393553922
"1076",9,0.40157,0.92913,0.68504,0.66142,0.46457,0.00282024719297838
"1077",9,0.40945,0.69291,0.32283,0.59055,0.1811,0.00277173932311423
"1078",9,0.41732,0.62205,0.56693,0.094488,0.59843,0.00355060425195375
"1079",9,0.4252,0.81102,0.15748,0.4252,0.95276,0.00297516130604175
"1080",9,0.43307,0.37795,0.37795,0.88189,0.11811,0.00229106962301674
"1081",9,0.44094,0.87402,1,0.40157,0.25197,0.00296769917592347
"1082",9,0.44882,0.7874,0.17323,0.92126,0.3937,0.00262794847701339
"1083",9,0.45669,0.32283,0.38583,0.46457,0.79528,0.00246827879464084
"1084",9,0.46457,0.33071,0.086614,0.015748,0.33071,0.00361455811890997
"1085",9,0.47244,0.14173,0.094488,0.55118,0.85827,0.00188061932468858
"1086",9,0.48031,0.23622,0.4252,0.95276,0.91339,0.0019635095010395
"1087",9,0.48819,0.92126,0.70079,0.22047,0.86614,0.00322841507536059
"1088",9,0.49606,0.58268,0.27559,0.80315,0.61417,0.00251444197806515
"1089",9,0.50394,0.82677,0.41732,0.31496,0.007874,0.00306028587063106
"1090",9,0.51181,0.48819,0.31496,0.75591,0.80315,0.00244293638769098
"1091",9,0.51969,0.93701,0.20472,0.11811,0.53543,0.00349878450254598
"1092",9,0.52756,0.3622,0.90551,0.67717,0.88976,0.00230507539023892
"1093",9,0.53543,0.14961,0.18898,0.59843,0.51181,0.00184012156501572
"1094",9,0.54331,0.67717,0.14961,0.79528,0.70079,0.00256453259237762
"1095",9,0.55118,0.3937,0.03937,0.83465,0.45669,0.00227326564748858
"1096",9,0.55906,0.031496,0.25984,0.70079,0.77165,0.00094312830042562
"1097",9,0.56693,0.062992,0.55118,0.055118,0.18898,0.00277689361480047
"1098",9,0.5748,0.40157,0.015748,0.15748,0.34646,0.00313901774014185
"1099",9,0.58268,0.6063,0.88976,0.22835,0.35433,0.00304267193102393
"1100",9,0.59055,0.37008,0.93701,0.86614,0,0.00218779180200632
"1101",9,0.59843,0.22047,0.65354,0.91339,0.75591,0.00186925876941879
"1102",9,0.6063,0.055118,0.007874,0.85039,0.086614,0.00112954781838573
"1103",9,0.61417,0.76378,0.77165,0.56693,0.84252,0.0026994803720716
"1104",9,0.62205,0.49606,0.74803,0.27559,0.82677,0.00286664872684717
"1105",9,0.62992,0.95276,0.3937,0.71654,0.76378,0.00268624620151732
"1106",9,0.6378,0.38583,0.33858,0.48031,0.98425,0.00246207260177163
"1107",9,0.64567,0.03937,0.34646,0.92913,0.31496,0.000941049649067717
"1108",9,0.65354,0.48031,0.24409,0.031496,0.56693,0.00358839024030281
"1109",9,0.66142,0.73228,0.33071,0.13386,0.92913,0.00333772056340321
"1110",9,0.66929,0.15748,0.92126,0.41732,0.015748,0.00197662526080664
"1111",9,0.67717,0.61417,0.19685,0.89764,0.54331,0.00242056973517107
"1112",9,0.68504,0.74803,0.6378,0.33858,0.2126,0.00289345350046088
"1113",9,0.69291,0.59055,0.96063,0.58268,0.99213,0.00254668686952853
"1114",9,0.70079,0.22835,0.66142,0.70866,0.50394,0.0019558059021161
"1115",9,0.70866,1,0.54331,0.62992,0.40945,0.0027100752238565
"1116",9,0.71654,0.8189,0.70866,0.68504,0.51969,0.00260603618319029
"1117",9,0.72441,0.56693,0.2126,0.93701,0.062992,0.00234566154162004
"1118",9,0.73228,0.17323,0.73228,0.14961,0.3622,0.00263188473731621
"1119",9,0.74016,0.12598,0.97638,0.62205,0.55118,0.00163779804375132
"1120",9,0.74803,0.34646,0.95276,0.03937,0.62205,0.00347738410661415
"1121",9,0.75591,0.97638,0.76378,0.007874,0.59055,0.00290149156386587
"1122",9,0.76378,0.91339,0.48819,0.12598,0.94488,0.00333268449979712
"1123",9,0.77165,0.5748,0.30709,0.070866,0.22835,0.00345981311721056
"1124",9,0.77953,0.10236,0.77953,0.61417,0.47244,0.00151322430228775
"1125",9,0.7874,0.66142,0.74016,0.74016,0.19685,0.0024670281864872
"1126",9,0.79528,0.51969,0.62205,0.90551,0.15748,0.00228243563519033
"1127",9,0.80315,0.35433,0.88189,0.32283,0.90551,0.00254184907364835
"1128",9,0.81102,0.28346,0.80315,0.44882,0.52756,0.00224735794686329
"1129",9,0.8189,0.53543,0.11024,0.51181,0.32283,0.00253538816977288
"1130",9,0.82677,0.16535,0.16535,0.47244,0.12598,0.00190392992280683
"1131",9,0.83465,0.50394,0.43307,0.73228,0.10236,0.00233813772474452
"1132",9,0.84252,0.07874,0.25197,0.38583,0.67717,0.0015388999079031
"1133",9,0.85039,0.72441,0.14173,0.30709,0.48031,0.00288870978511931
"1134",9,0.85827,0.70866,0.055118,0.24409,0.70866,0.0029948349240272
"1135",9,0.86614,0.086614,0.45669,0.85827,0.92126,0.00128601437090636
"1136",9,0.87402,0.54331,0.22835,0.84252,0.97638,0.00231726701061782
"1137",9,0.88189,0.74016,0.86614,0.28346,0.64567,0.00289284819301091
"1138",9,0.88976,0.79528,0.81102,0.062992,0.81102,0.0034055130642204
"1139",9,0.89764,0.25197,0.3622,0.25984,0.66142,0.00246033049166488
"1140",9,0.90551,0,0.9685,0.98425,0.41732,0.000176731445436837
"1141",9,0.91339,0.59843,0.55906,0.40945,1,0.00264172910621517
"1142",9,0.92126,0.9685,0.69291,0.65354,0.17323,0.00260852385452722
"1143",9,0.92913,0.85827,0.37008,0.45669,0.14961,0.00272402156585698
"1144",9,0.93701,0.88976,0.61417,0.35433,0.37008,0.00282879994942473
"1145",9,0.94488,0.30709,0.91339,0.87402,0.29134,0.00196603032664122
"1146",9,0.95276,0.96063,0.6063,0.99213,0.6063,0.00245312282836537
"1147",9,0.96063,0.1811,0.47244,0.14173,0.43307,0.00261349262684288
"1148",9,0.9685,0.43307,0.62992,0.29134,0.4252,0.00264565936358698
"1149",9,0.97638,0.27559,0.023622,0.34646,0.48819,0.00232808073503308
"1150",9,0.98425,0.77953,0.87402,0.3937,0.055118,0.00271409983464542
"1151",9,0.99213,0.83465,0.031496,0.77165,0.33858,0.00249852419419442
"1152",9,1,0.44882,0.29921,0.51969,0.047244,0.00237607439778378
